drop database if exists store;
create database store;
use store;
#总台用户表
create table t_admin(
  id int primary key auto_increment,
  a_username varchar(32) not null,
  a_password varchar(32) not null
);
#session表
create table t_session (
  id         INT(11)     NOT NULL PRIMARY KEY AUTO_INCREMENT,
  session_id VARCHAR(32) NOT NULL COMMENT '登录的session_id',
  s_username VARCHAR(64) NOT NULL COMMENT '用户名',
  ip VARCHAR(32) DEFAULT null COMMENT'用户ip',
  create_at TIMESTAMP DEFAULT CURRENT_TIMESTAMP COMMENT '用户登录时间',
  stop_time TIMESTAMP DEFAULT CURRENT_TIMESTAMP COMMENT '用户登录下线时间'
);
#商铺用户表
create table t_shop(
  id int(11) NOT NULL primary key auto_increment,
  s_name varchar(32) DEFAULT NULL COMMENT '店铺名称',
  s_username varchar(32) DEFAULT NULL COMMENT '登陆账号',
  s_password varchar(32) DEFAULT NULL,
  s_card varchar(32) DEFAULT NULL COMMENT '身份证号码',
  s_phone varchar(32) DEFAULT NULL,
  s_address varchar(64) DEFAULT NULL COMMENT '地址',
  s_email varchar(64) DEFAULT NULL COMMENT '邮箱',
  s_num float(2) DEFAULT NULL COMMENT '商户积分',
  s_sid int not null comment '商铺id',
  s_license int(11) DEFAULT NULL COMMENT '营业执照号',
  s_document varchar(64) DEFAULT NULL COMMENT '工商登记文件',
  s_fidcard_f varchar(64) DEFAULT NULL COMMENT '法人身份证正面',
  s_fidcard_b varchar(64) DEFAULT NULL COMMENT '法人身份证反面',
  s_aidcard_f varchar(64) DEFAULT NULL COMMENT '管理员身份证正面',
  s_aidcard_b varchar(64) DEFAULT NULL COMMENT '管理员身份证反面',
  s_agreement varchar(64) DEFAULT NULL COMMENT '合作协议',
  create_at TIMESTAMP DEFAULT CURRENT_TIMESTAMP COMMENT '商铺账号创建时间'
);
#商铺管理员表
#总台商铺中间表
create table t_admin_shop(
  id int primary key auto_increment,
  a_id int not null,
  s_id int not null,
  num float(2) comment'当次购买的积分',
  num_time TIMESTAMP default CURRENT_TIMESTAMP comment'商铺积分充值时间',
  foreign key fk1(a_id) references t_admin(id),
  foreign key fk2(s_id) references t_shop(id)
);
#会员卡数据库
create table t_cards(
  id int primary key auto_increment,
  card VARCHAR(10) not null comment'会员卡号',
  numbers VARCHAR(10) not null comment'芯片号',
  status int not null DEFAULT 0 COMMENT'是否注册'
);

#vip用户表
create table t_member(
  id int primary key auto_increment,
  m_card varchar(32) not null unique comment '会员卡号',
  m_nickname varchar(32) not null comment'会员姓名',
  m_username varchar(32) not null comment'登陆账号',
  m_password varchar(32) not null default '111111' comment'登陆密码',
  m_idcard varchar(32) not null comment '身份证号码',
  m_phone varchar(32) not null comment '电话号码',
  m_phonenum varchar(32) comment'紧急联系人号码',
  m_address varchar(64) comment'地址',
  m_email varchar(64) comment'邮箱',
  m_num float(2) not null default 0 comment'用户总金额',
  m_fenqi float(2) default null comment'分期金额',
  m_day timestamp default null comment'金额分期天数',
  m_status int default null comment'是否发卡',
  create_at TIMESTAMP default now() comment'会员账号创建时间',
  l_id int not null default 1,
  foreign key fk2(l_id) references t_member_level(id)
);
create table t_member_level(
  id int primary key auto_increment,
  m_level varchar(32) comment '会员等级',
  term  int not null comment '等级判断条件'
);
insert into t_member_level(m_level,term) values('普通会员',0);
insert into t_member_level(m_level,term) values('白银会员',1000);
insert into t_member_level(m_level,term) values('黄金会员',2000);
insert into t_member_level(m_level,term) values('至尊会员',5000);
#用户限额
create table t_member_limit(
  id int primary key auto_increment,
  s_id int not null,
  m_id int not null,
  foreign key fk1(s_id) references t_shop(id),
  foreign key fk2(m_id) references t_member(id),
  m_limit float(2) default 10000 comment'每天限定使用的金额',
  create_at TIMESTAMP default now() comment'最后一次修改时间'
);

#vip积分表
create table t_shop_member(
  id int primary key auto_increment,
  s_id int not null,
  m_id int not null,
  num float(2) comment 'vip用户购买的积分',
  foreign key fk1(s_id) references t_shop(id),
  foreign key fk2(m_id) references t_member(id),
  create_at timestamp NOT NULL DEFAULT CURRENT_TIMESTAMP
);

#店铺消息推送表中间表
create table t_shop_message(
  id int primary key auto_increment,
  s_id int not null COMMENT '商铺id',
  me_id int not null COMMENT '消息id',
  status int not null DEFAULT 0 COMMENT '消息状态',
  today int not null DEFAULT 0 COMMENT '是否显示0为显示',
  foreign key fk1(s_id) references t_shop(id),
  foreign key fk2(me_id) references t_message(id),
  create_at timestamp NOT NULL DEFAULT CURRENT_TIMESTAMP COMMENT '阅读时间'
);
#消息推送表
create table t_message(
  id int primary key auto_increment,
  title VARCHAR(128) not null COMMENT '消息题目',
  content text not null COMMENT '消息类容',
  file VARCHAR(128) DEFAULT null COMMENT '附件地址',
  name VARCHAR(128) DEFAULT null COMMENT '原文件名',
  create_at timestamp NOT NULL DEFAULT CURRENT_TIMESTAMP COMMENT '发布时间'
);
#充值记录
create table t_record(
  id int primary key auto_increment,
  s_id int not null,
  m_id int not null,
  grade float(2) comment 'vip用户当次购买的积分或者消费积分',
  gradetype enum('Y','N'),
  goods text default NULL comment '购物详情',
  s_sid int not null comment '经手人id',
  gradetime TIMESTAMP default now() comment'vip积分充值时间或者消费时间',
  foreign key fk1(s_id) references t_shop(id),
  foreign key fk2(m_id) references t_member(id)
);
insert into t_admin(a_username,a_password) values('admin','111111');



INSERT INTO `t_cards` (`id`, `card`, `numbers`, `status`) VALUES
  (1, '0000000001', '0004732653', 0),
  (2, '0000000002', '0004575767', 0),
  (3, '0000000003', '0004585606', 0),
  (4, '0000000004', '0004597151', 0),
  (5, '0000000005', '0004034473', 0),
  (6, '0000000006', '0004580142', 0),
  (7, '0000000007', '0004060647', 0),
  (8, '0000000008', '0004021514', 0),
  (9, '0000000009', '0004685452', 0),
  (10, '0000000010', '0004026276', 0),
  (11, '0000000011', '0004550002', 0),
  (12, '0000000012', '0004018428', 0),
  (13, '0000000013', '0004637980', 0),
  (14, '0000000014', '0003980580', 0),
  (15, '0000000015', '0004637649', 0),
  (16, '0000000016', '0003922529', 0),
  (17, '0000000017', '0004719586', 0),
  (18, '0000000018', '0004763096', 0),
  (19, '0000000019', '0004736916', 0),
  (20, '0000000020', '0003940296', 0),
  (21, '0000000021', '0004003438', 0),
  (22, '0000000022', '0004063812', 0),
  (23, '0000000023', '0004067565', 0),
  (24, '0000000024', '0004049843', 0),
  (25, '0000000025', '0004052940', 0),
  (26, '0000000026', '0004070003', 0),
  (27, '0000000027', '0004056554', 0),
  (28, '0000000028', '0004027400', 0),
  (29, '0000000029', '0004617172', 0),
  (30, '0000000030', '0004010360', 0),
  (31, '0000000031', '0003914929', 0),
  (32, '0000000032', '0004044378', 0),
  (33, '0000000033', '0004069170', 0),
  (34, '0000000034', '0004028921', 0),
  (35, '0000000035', '0004767681', 0),
  (36, '0000000036', '0004689365', 0),
  (37, '0000000037', '0004739573', 0),
  (38, '0000000038', '0004748764', 0),
  (39, '0000000039', '0004708874', 0),
  (40, '0000000040', '0004598131', 0),
  (41, '0000000041', '0004654116', 0),
  (42, '0000000042', '0004577365', 0),
  (43, '0000000043', '0004034616', 0),
  (44, '0000000044', '0004552538', 0),
  (45, '0000000045', '0004670324', 0),
  (46, '0000000046', '0004601526', 0),
  (47, '0000000047', '0004625084', 0),
  (48, '0000000048', '0004665483', 0),
  (49, '0000000049', '0004649527', 0),
  (50, '0000000050', '0004034819', 0),
  (51, '0000000051', '0004041699', 0),
  (52, '0000000052', '0003998753', 0),
  (53, '0000000053', '0004525293', 0),
  (54, '0000000054', '0004607473', 0),
  (55, '0000000055', '0004467878', 0),
  (56, '0000000056', '0004555906', 0),
  (57, '0000000057', '0004488778', 0),
  (58, '0000000058', '0004643912', 0),
  (59, '0000000059', '0004585082', 0),
  (60, '0000000060', '0004545024', 0),
  (61, '0000000061', '0004569804', 0),
  (62, '0000000062', '0004550340', 0),
  (63, '0000000063', '0004595663', 0),
  (64, '0000000064', '0004582086', 0),
  (65, '0000000065', '0004547197', 0),
  (66, '0000000066', '0004594961', 0),
  (67, '0000000067', '0004577577', 0),
  (68, '0000000068', '0004594461', 0),
  (69, '0000000069', '0004601434', 0),
  (70, '0000000070', '0004557711', 0),
  (71, '0000000071', '0004550921', 0),
  (72, '0000000072', '0004573365', 0),
  (73, '0000000073', '0004563816', 0),
  (74, '0000000074', '0004579664', 0),
  (75, '0000000075', '0004540695', 0),
  (76, '0000000076', '0004597184', 0),
  (77, '0000000077', '0004557630', 0),
  (78, '0000000078', '0004594982', 0),
  (79, '0000000079', '0004631051', 0),
  (80, '0000000080', '0004632087', 0),
  (81, '0000000081', '0004571682', 0),
  (82, '0000000082', '0004561054', 0),
  (83, '0000000083', '0003992617', 0),
  (84, '0000000084', '0004699769', 0),
  (85, '0000000085', '0004013558', 0),
  (86, '0000000086', '0004583322', 0),
  (87, '0000000087', '0003988650', 0),
  (88, '0000000088', '0003956292', 0),
  (89, '0000000089', '0003914683', 0),
  (90, '0000000090', '0003952342', 0),
  (91, '0000000091', '0004604066', 0),
  (92, '0000000092', '0004371035', 0),
  (93, '0000000093', '0004014030', 0),
  (94, '0000000094', '0003942810', 0),
  (95, '0000000095', '0003998569', 0),
  (96, '0000000096', '0003934863', 0),
  (97, '0000000097', '0004687070', 0),
  (98, '0000000098', '0003932892', 0),
  (99, '0000000099', '0004605533', 0),
  (100, '0000000100', '0004010893', 0),
  (101, '0000000101', '0003933766', 0),
  (102, '0000000102', '0003988740', 0),
  (103, '0000000103', '0003949212', 0),
  (104, '0000000104', '0003920555', 0),
  (105, '0000000105', '0004048357', 0),
  (106, '0000000106', '0003918187', 0),
  (107, '0000000107', '0004029940', 0),
  (108, '0000000108', '0003949825', 0),
  (109, '0000000109', '0003909569', 0),
  (110, '0000000110', '0003945841', 0),
  (111, '0000000111', '0003924889', 0),
  (112, '0000000112', '0003948058', 0),
  (113, '0000000113', '0003952517', 0),
  (114, '0000000114', '0004670785', 0),
  (115, '0000000115', '0004625998', 0),
  (116, '0000000116', '0004609905', 0),
  (117, '0000000117', '0004039872', 0),
  (118, '0000000118', '0004066351', 0),
  (119, '0000000119', '0004016185', 0),
  (120, '0000000120', '0004026196', 0),
  (121, '0000000121', '0004577230', 0),
  (122, '0000000122', '0004062609', 0),
  (123, '0000000123', '0003991480', 0),
  (124, '0000000124', '0004003694', 0),
  (125, '0000000125', '0004043745', 0),
  (126, '0000000126', '0004028851', 0),
  (127, '0000000127', '0003944810', 0),
  (128, '0000000128', '0004024021', 0),
  (129, '0000000129', '0004714337', 0),
  (130, '0000000130', '0004713830', 0),
  (131, '0000000131', '0004717757', 0),
  (132, '0000000132', '0004030741', 0),
  (133, '0000000133', '0004049954', 0),
  (134, '0000000134', '0003914702', 0),
  (135, '0000000135', '0003987625', 0),
  (136, '0000000136', '0004663083', 0),
  (137, '0000000137', '0004684371', 0),
  (138, '0000000138', '0004683171', 0),
  (139, '0000000139', '0003966616', 0),
  (140, '0000000140', '0004491876', 0),
  (141, '0000000141', '0004643730', 0),
  (142, '0000000142', '0003918653', 0),
  (143, '0000000143', '0004060963', 0),
  (144, '0000000144', '0003972155', 0),
  (145, '0000000145', '0004002462', 0),
  (146, '0000000146', '0003972922', 0),
  (147, '0000000147', '0003976626', 0),
  (148, '0000000148', '0003960428', 0),
  (149, '0000000149', '0003926429', 0),
  (150, '0000000150', '0003985795', 0),
  (151, '0000000151', '0003966263', 0),
  (152, '0000000152', '0003959288', 0),
  (153, '0000000153', '0003986234', 0),
  (154, '0000000154', '0003987989', 0),
  (155, '0000000155', '0003913597', 0),
  (156, '0000000156', '0003931404', 0),
  (157, '0000000157', '0003999512', 0),
  (158, '0000000158', '0004001094', 0),
  (159, '0000000159', '0004018744', 0),
  (160, '0000000160', '0003978348', 0),
  (161, '0000000161', '0003933437', 0),
  (162, '0000000162', '0003956257', 0),
  (163, '0000000163', '0003920375', 0),
  (164, '0000000164', '0003986203', 0),
  (165, '0000000165', '0003947256', 0),
  (166, '0000000166', '0003931573', 0),
  (167, '0000000167', '0003957602', 0),
  (168, '0000000168', '0003940265', 0),
  (169, '0000000169', '0004016852', 0),
  (170, '0000000170', '0004631003', 0),
  (171, '0000000171', '0004635590', 0),
  (172, '0000000172', '0004543686', 0),
  (173, '0000000173', '0004566746', 0),
  (174, '0000000174', '0003972741', 0),
  (175, '0000000175', '0003912831', 0),
  (176, '0000000176', '0004047255', 0),
  (177, '0000000177', '0003929718', 0),
  (178, '0000000178', '0004051441', 0),
  (179, '0000000179', '0004059137', 0),
  (180, '0000000180', '0003951297', 0),
  (181, '0000000181', '0004049478', 0),
  (182, '0000000182', '0003997680', 0),
  (183, '0000000183', '0004022834', 0),
  (184, '0000000184', '0004043011', 0),
  (185, '0000000185', '0003919194', 0),
  (186, '0000000186', '0004053346', 0),
  (187, '0000000187', '0004068848', 0),
  (188, '0000000188', '0003937766', 0),
  (189, '0000000189', '0003944230', 0),
  (190, '0000000190', '0004686616', 0),
  (191, '0000000191', '0004065950', 0),
  (192, '0000000192', '0003978727', 0),
  (193, '0000000193', '0004032111', 0),
  (194, '0000000194', '0004022384', 0),
  (195, '0000000195', '0003940318', 0),
  (196, '0000000196', '0004056723', 0),
  (197, '0000000197', '0004574782', 0),
  (198, '0000000198', '0003907291', 0),
  (199, '0000000199', '0004049572', 0),
  (200, '0000000200', '0003959450', 0),
  (201, '0000000201', '0004657976', 0),
  (202, '0000000202', '0004028961', 0),
  (203, '0000000203', '0004071719', 0),
  (204, '0000000204', '0003989258', 0),
  (205, '0000000205', '0003939784', 0),
  (206, '0000000206', '0003907605', 0),
  (207, '0000000207', '0003909983', 0),
  (208, '0000000208', '0003977582', 0),
  (209, '0000000209', '0003934270', 0),
  (210, '0000000210', '0003909674', 0),
  (211, '0000000211', '0004039523', 0),
  (212, '0000000212', '0004648420', 0),
  (213, '0000000213', '0004050521', 0),
  (214, '0000000214', '0004022108', 0),
  (215, '0000000215', '0003910587', 0),
  (216, '0000000216', '0004018274', 0),
  (217, '0000000217', '0004061090', 0),
  (218, '0000000218', '0004713468', 0),
  (219, '0000000219', '0004678877', 0),
  (220, '0000000220', '0003962676', 0),
  (221, '0000000221', '0003981831', 0),
  (222, '0000000222', '0003984061', 0),
  (223, '0000000223', '0003925712', 0),
  (224, '0000000224', '0003968391', 0),
  (225, '0000000225', '0003961292', 0),
  (226, '0000000226', '0003988331', 0),
  (227, '0000000227', '0004754873', 0),
  (228, '0000000228', '0004713574', 0),
  (229, '0000000229', '0004757649', 0),
  (230, '0000000230', '0003917034', 0),
  (231, '0000000231', '0004050648', 0),
  (232, '0000000232', '0003934340', 0),
  (233, '0000000233', '0003987592', 0),
  (234, '0000000234', '0004027203', 0),
  (235, '0000000235', '0004606333', 0),
  (236, '0000000236', '0004634268', 0),
  (237, '0000000237', '0003966270', 0),
  (238, '0000000238', '0004638496', 0),
  (239, '0000000239', '0004060155', 0),
  (240, '0000000240', '0003928627', 0),
  (241, '0000000241', '0004061260', 0),
  (242, '0000000242', '0003936793', 0),
  (243, '0000000243', '0004049369', 0),
  (244, '0000000244', '0003947331', 0),
  (245, '0000000245', '0003953133', 0),
  (246, '0000000246', '0003930609', 0),
  (247, '0000000247', '0003926104', 0),
  (248, '0000000248', '0003985587', 0),
  (249, '0000000249', '0003937718', 0),
  (250, '0000000250', '0003958919', 0),
  (251, '0000000251', '0003986045', 0),
  (252, '0000000252', '0003960531', 0),
  (253, '0000000253', '0003943768', 0),
  (254, '0000000254', '0003943961', 0),
  (255, '0000000255', '0004040394', 0),
  (256, '0000000256', '0004067162', 0),
  (257, '0000000257', '0004012125', 0),
  (258, '0000000258', '0003975149', 0),
  (259, '0000000259', '0003990293', 0),
  (260, '0000000260', '0003955884', 0),
  (261, '0000000261', '0003917804', 0),
  (262, '0000000262', '0003914442', 0),
  (263, '0000000263', '0003985520', 0),
  (264, '0000000264', '0003931929', 0),
  (265, '0000000265', '0003953828', 0),
  (266, '0000000266', '0003939921', 0),
  (267, '0000000267', '0003965948', 0),
  (268, '0000000268', '0003935375', 0),
  (269, '0000000269', '0004631361', 0),
  (270, '0000000270', '0004681771', 0),
  (271, '0000000271', '0004543840', 0),
  (272, '0000000272', '0004566403', 0),
  (273, '0000000273', '0004575483', 0),
  (274, '0000000274', '0004585028', 0),
  (275, '0000000275', '0004597436', 0),
  (276, '0000000276', '0004583073', 0),
  (277, '0000000277', '0004056583', 0),
  (278, '0000000278', '0004025731', 0),
  (279, '0000000279', '0003954367', 0),
  (280, '0000000280', '0004003752', 0),
  (281, '0000000281', '0004037009', 0),
  (282, '0000000282', '0004027704', 0),
  (283, '0000000283', '0004050193', 0),
  (284, '0000000284', '0004033385', 0),
  (285, '0000000285', '0003994124', 0),
  (286, '0000000286', '0004059712', 0),
  (287, '0000000287', '0004579908', 0),
  (288, '0000000288', '0004060941', 0),
  (289, '0000000289', '0004071819', 0),
  (290, '0000000290', '0004685616', 0),
  (291, '0000000291', '0004014585', 0),
  (292, '0000000292', '0004549776', 0),
  (293, '0000000293', '0004018063', 0),
  (294, '0000000294', '0004638338', 0),
  (295, '0000000295', '0003980853', 0),
  (296, '0000000296', '0003979807', 0),
  (297, '0000000297', '0003941820', 0),
  (298, '0000000298', '0003986772', 0),
  (299, '0000000299', '0003973107', 0),
  (300, '0000000300', '0003923384', 0),
  (301, '0000000301', '0004012065', 0),
  (302, '0000000302', '0004028888', 0),
  (303, '0000000303', '0004029289', 0),
  (304, '0000000304', '0004767866', 0),
  (305, '0000000305', '0004693224', 0),
  (306, '0000000306', '0004071703', 0),
  (307, '0000000307', '0003990601', 0),
  (308, '0000000308', '0004741583', 0),
  (309, '0000000309', '0004597856', 0),
  (310, '0000000310', '0004654485', 0),
  (311, '0000000311', '0004587495', 0),
  (312, '0000000312', '0004038265', 0),
  (313, '0000000313', '0004552791', 0),
  (314, '0000000314', '0004670008', 0),
  (315, '0000000315', '0004601752', 0),
  (316, '0000000316', '0004625427', 0),
  (317, '0000000317', '0004665831', 0),
  (318, '0000000318', '0004685805', 0),
  (319, '0000000319', '0004006726', 0),
  (320, '0000000320', '0004000007', 0),
  (321, '0000000321', '0003998471', 0),
  (322, '0000000322', '0004525593', 0),
  (323, '0000000323', '0004670581', 0),
  (324, '0000000324', '0004468172', 0),
  (325, '0000000325', '0004555683', 0),
  (326, '0000000326', '0004489143', 0),
  (327, '0000000327', '0004644287', 0),
  (328, '0000000328', '0004580014', 0),
  (329, '0000000329', '0004544909', 0),
  (330, '0000000330', '0004027025', 0),
  (331, '0000000331', '0004617477', 0),
  (332, '0000000332', '0004024861', 0),
  (333, '0000000333', '0003977852', 0),
  (334, '0000000334', '0003928128', 0),
  (335, '0000000335', '0003942099', 0),
  (336, '0000000336', '0003964505', 0),
  (337, '0000000337', '0003930065', 0),
  (338, '0000000338', '0003971760', 0),
  (339, '0000000339', '0004037555', 0),
  (340, '0000000340', '0004069228', 0),
  (341, '0000000341', '0003951623', 0),
  (342, '0000000342', '0004057248', 0),
  (343, '0000000343', '0004005541', 0),
  (344, '0000000344', '0004004432', 0),
  (345, '0000000345', '0004044865', 0),
  (346, '0000000346', '0003918895', 0),
  (347, '0000000347', '0004050189', 0),
  (348, '0000000348', '0004069053', 0),
  (349, '0000000349', '0004066696', 0),
  (350, '0000000350', '0003944598', 0),
  (351, '0000000351', '0004686739', 0),
  (352, '0000000352', '0004065696', 0),
  (353, '0000000353', '0003978432', 0),
  (354, '0000000354', '0004018562', 0),
  (355, '0000000355', '0004001441', 0),
  (356, '0000000356', '0003929875', 0),
  (357, '0000000357', '0004065957', 0),
  (358, '0000000358', '0003949530', 0),
  (359, '0000000359', '0003907362', 0),
  (360, '0000000360', '0004068922', 0),
  (361, '0000000361', '0003932624', 0),
  (362, '0000000362', '0004001369', 0),
  (363, '0000000363', '0004028585', 0),
  (364, '0000000364', '0004058870', 0),
  (365, '0000000365', '0004019014', 0),
  (366, '0000000366', '0003939438', 0),
  (367, '0000000367', '0003921877', 0),
  (368, '0000000368', '0003975219', 0),
  (369, '0000000369', '0003973731', 0),
  (370, '0000000370', '0003955382', 0),
  (371, '0000000371', '0003929615', 0),
  (372, '0000000372', '0004039060', 0),
  (373, '0000000373', '0004058470', 0),
  (374, '0000000374', '0004050172', 0),
  (375, '0000000375', '0004022466', 0),
  (376, '0000000376', '0003922666', 0),
  (377, '0000000377', '0004063352', 0),
  (378, '0000000378', '0004060796', 0),
  (379, '0000000379', '0003941221', 0),
  (380, '0000000380', '0004678612', 0),
  (381, '0000000381', '0003908252', 0),
  (382, '0000000382', '0003981569', 0),
  (383, '0000000383', '0004071785', 0),
  (384, '0000000384', '0003926043', 0),
  (385, '0000000385', '0003941755', 0),
  (386, '0000000386', '0003945291', 0),
  (387, '0000000387', '0003988198', 0),
  (388, '0000000388', '0003933082', 0),
  (389, '0000000389', '0003953297', 0),
  (390, '0000000390', '0003914944', 0),
  (391, '0000000391', '0003945467', 0),
  (392, '0000000392', '0004604116', 0),
  (393, '0000000393', '0004392237', 0),
  (394, '0000000394', '0004014386', 0),
  (395, '0000000395', '0003985798', 0),
  (396, '0000000396', '0004066338', 0),
  (397, '0000000397', '0003987903', 0),
  (398, '0000000398', '0004739186', 0),
  (399, '0000000399', '0003973376', 0),
  (400, '0000000400', '0004012357', 0),
  (401, '0000000401', '0004010549', 0),
  (402, '0000000402', '0003933410', 0),
  (403, '0000000403', '0003984982', 0),
  (404, '0000000404', '0003957704', 0),
  (405, '0000000405', '0003949056', 0),
  (406, '0000000406', '0004067968', 0),
  (407, '0000000407', '0003917895', 0),
  (408, '0000000408', '0004029565', 0),
  (409, '0000000409', '0003949454', 0),
  (410, '0000000410', '0003944858', 0),
  (411, '0000000411', '0003946206', 0),
  (412, '0000000412', '0003924572', 0),
  (413, '0000000413', '0003944860', 0),
  (414, '0000000414', '0003978295', 0),
  (415, '0000000415', '0004590001', 0),
  (416, '0000000416', '0004056891', 0),
  (417, '0000000417', '0004062993', 0),
  (418, '0000000418', '0004037537', 0),
  (419, '0000000419', '0004066593', 0),
  (420, '0000000420', '0004043200', 0),
  (421, '0000000421', '0004049689', 0),
  (422, '0000000422', '0004033684', 0),
  (423, '0000000423', '0004040218', 0),
  (424, '0000000424', '0003991303', 0),
  (425, '0000000425', '0004569447', 0),
  (426, '0000000426', '0004550121', 0),
  (427, '0000000427', '0004595359', 0),
  (428, '0000000428', '0004582325', 0),
  (429, '0000000429', '0004546994', 0),
  (430, '0000000430', '0004594657', 0),
  (431, '0000000431', '0004577308', 0),
  (432, '0000000432', '0004594152', 0),
  (433, '0000000433', '0004601658', 0),
  (434, '0000000434', '0004557997', 0),
  (435, '0000000435', '0004550697', 0),
  (436, '0000000436', '0004573033', 0),
  (437, '0000000437', '0004571379', 0),
  (438, '0000000438', '0004579440', 0),
  (439, '0000000439', '0004534350', 0),
  (440, '0000000440', '0004597465', 0),
  (441, '0000000441', '0004557346', 0),
  (442, '0000000442', '0004595284', 0),
  (443, '0000000443', '0004630691', 0),
  (444, '0000000444', '0004605380', 0),
  (445, '0000000445', '0004571314', 0),
  (446, '0000000446', '0004560750', 0),
  (447, '0000000447', '0004002345', 0),
  (448, '0000000448', '0004054317', 0),
  (449, '0000000449', '0004029219', 0),
  (450, '0000000450', '0003912509', 0),
  (451, '0000000451', '0004023665', 0),
  (452, '0000000452', '0003934051', 0),
  (453, '0000000453', '0003942477', 0),
  (454, '0000000454', '0003951389', 0),
  (455, '0000000455', '0003986577', 0),
  (456, '0000000456', '0003947628', 0),
  (457, '0000000457', '0003957953', 0),
  (458, '0000000458', '0004631720', 0),
  (459, '0000000459', '0004635958', 0),
  (460, '0000000460', '0004544016', 0),
  (461, '0000000461', '0004566057', 0),
  (462, '0000000462', '0004541731', 0),
  (463, '0000000463', '0004520874', 0),
  (464, '0000000464', '0004508931', 0),
  (465, '0000000465', '0004586619', 0),
  (466, '0000000466', '0004015696', 0),
  (467, '0000000467', '0004030120', 0),
  (468, '0000000468', '0004579686', 0),
  (469, '0000000469', '0004061238', 0),
  (470, '0000000470', '0004017859', 0),
  (471, '0000000471', '0004685761', 0),
  (472, '0000000472', '0004046761', 0),
  (473, '0000000473', '0004589919', 0),
  (474, '0000000474', '0004062727', 0),
  (475, '0000000475', '0004657274', 0),
  (476, '0000000476', '0003967362', 0),
  (477, '0000000477', '0003926437', 0),
  (478, '0000000478', '0003919143', 0),
  (479, '0000000479', '0003930701', 0),
  (480, '0000000480', '0004720659', 0),
  (481, '0000000481', '0004762834', 0),
  (482, '0000000482', '0003936743', 0),
  (483, '0000000483', '0004682448', 0),
  (484, '0000000484', '0004609668', 0),
  (485, '0000000485', '0004064081', 0),
  (486, '0000000486', '0004679757', 0),
  (487, '0000000487', '0004003395', 0),
  (488, '0000000488', '0004067796', 0),
  (489, '0000000489', '0004053276', 0),
  (490, '0000000490', '0004056864', 0),
  (491, '0000000491', '0004033214', 0),
  (492, '0000000492', '0004016549', 0),
  (493, '0000000493', '0003948927', 0),
  (494, '0000000494', '0004044741', 0),
  (495, '0000000495', '0004028512', 0),
  (496, '0000000496', '0004025182', 0),
  (497, '0000000497', '0004699668', 0),
  (498, '0000000498', '0004687839', 0),
  (499, '0000000499', '0004693822', 0),
  (500, '0000000500', '0004739221', 0),
  (501, '0000000501', '0004692418', 0),
  (502, '0000000502', '0004597570', 0),
  (503, '0000000503', '0004654851', 0),
  (504, '0000000504', '0004586557', 0),
  (505, '0000000505', '0004034986', 0),
  (506, '0000000506', '0004553048', 0),
  (507, '0000000507', '0004638166', 0),
  (508, '0000000508', '0004583163', 0),
  (509, '0000000509', '0004627126', 0),
  (510, '0000000510', '0004652997', 0),
  (511, '0000000511', '0004685961', 0),
  (512, '0000000512', '0004043889', 0),
  (513, '0000000513', '0004042550', 0),
  (514, '0000000514', '0003991170', 0),
  (515, '0000000515', '0004517314', 0),
  (516, '0000000516', '0004620254', 0),
  (517, '0000000517', '0004468465', 0),
  (518, '0000000518', '0004593446', 0),
  (519, '0000000519', '0004474908', 0),
  (520, '0000000520', '0004670573', 0),
  (521, '0000000521', '0004584793', 0),
  (522, '0000000522', '0004547540', 0),
  (523, '0000000523', '0004569084', 0),
  (524, '0000000524', '0004568038', 0),
  (525, '0000000525', '0004559743', 0),
  (526, '0000000526', '0004561836', 0),
  (527, '0000000527', '0004541682', 0),
  (528, '0000000528', '0004677699', 0),
  (529, '0000000529', '0004577046', 0),
  (530, '0000000530', '0004593842', 0),
  (531, '0000000531', '0004521862', 0),
  (532, '0000000532', '0004559902', 0),
  (533, '0000000533', '0004576353', 0),
  (534, '0000000534', '0004563458', 0),
  (535, '0000000535', '0004573172', 0),
  (536, '0000000536', '0004579217', 0),
  (537, '0000000537', '0004540882', 0),
  (538, '0000000538', '0004536785', 0),
  (539, '0000000539', '0004550241', 0),
  (540, '0000000540', '0004560923', 0),
  (541, '0000000541', '0004635056', 0),
  (542, '0000000542', '0004631728', 0),
  (543, '0000000543', '0004565840', 0),
  (544, '0000000544', '0004583398', 0),
  (545, '0000000545', '0004004010', 0),
  (546, '0000000546', '0004044110', 0),
  (547, '0000000547', '0003991652', 0),
  (548, '0000000548', '0003983082', 0),
  (549, '0000000549', '0004028117', 0),
  (550, '0000000550', '0004754563', 0),
  (551, '0000000551', '0004717197', 0),
  (552, '0000000552', '0004761081', 0),
  (553, '0000000553', '0003937348', 0),
  (554, '0000000554', '0003915196', 0),
  (555, '0000000555', '0003907970', 0),
  (556, '0000000556', '0004019475', 0),
  (557, '0000000557', '0004605819', 0),
  (558, '0000000558', '0003952203', 0),
  (559, '0000000559', '0004005138', 0),
  (560, '0000000560', '0004052564', 0),
  (561, '0000000561', '0003997412', 0),
  (562, '0000000562', '0004041911', 0),
  (563, '0000000563', '0003938128', 0),
  (564, '0000000564', '0004065175', 0),
  (565, '0000000565', '0004065856', 0),
  (566, '0000000566', '0004668593', 0),
  (567, '0000000567', '0003944896', 0),
  (568, '0000000568', '0004662665', 0),
  (569, '0000000569', '0004068522', 0),
  (570, '0000000570', '0003976980', 0),
  (571, '0000000571', '0004034352', 0),
  (572, '0000000572', '0004031735', 0),
  (573, '0000000573', '0003978412', 0),
  (574, '0000000574', '0004022742', 0),
  (575, '0000000575', '0004055054', 0),
  (576, '0000000576', '0003955486', 0),
  (577, '0000000577', '0003993886', 0),
  (578, '0000000578', '0003938507', 0),
  (579, '0000000579', '0004687069', 0),
  (580, '0000000580', '0004051700', 0),
  (581, '0000000581', '0003989727', 0),
  (582, '0000000582', '0004072038', 0),
  (583, '0000000583', '0003959081', 0),
  (584, '0000000584', '0003962966', 0),
  (585, '0000000585', '0003984343', 0),
  (586, '0000000586', '0003945602', 0),
  (587, '0000000587', '0003907832', 0),
  (588, '0000000588', '0003934627', 0),
  (589, '0000000589', '0004685612', 0),
  (590, '0000000590', '0004644444', 0),
  (591, '0000000591', '0004039160', 0),
  (592, '0000000592', '0004024006', 0),
  (593, '0000000593', '0003908766', 0),
  (594, '0000000594', '0004022277', 0),
  (595, '0000000595', '0004003515', 0),
  (596, '0000000596', '0004734038', 0),
  (597, '0000000597', '0004678336', 0),
  (598, '0000000598', '0003959042', 0),
  (599, '0000000599', '0003981034', 0),
  (600, '0000000600', '0003963394', 0),
  (601, '0000000601', '0003926367', 0),
  (602, '0000000602', '0003942121', 0),
  (603, '0000000603', '0003946569', 0),
  (604, '0000000604', '0004736543', 0),
  (605, '0000000605', '0003988872', 0),
  (606, '0000000606', '0003986696', 0),
  (607, '0000000607', '0003915211', 0),
  (608, '0000000608', '0003955919', 0),
  (609, '0000000609', '0004597897', 0),
  (610, '0000000610', '0004393794', 0),
  (611, '0000000611', '0004596857', 0),
  (612, '0000000612', '0003986095', 0),
  (613, '0000000613', '0004040709', 0),
  (614, '0000000614', '0003943539', 0),
  (615, '0000000615', '0004680327', 0),
  (616, '0000000616', '0003935223', 0),
  (617, '0000000617', '0004051097', 0),
  (618, '0000000618', '0004027826', 0),
  (619, '0000000619', '0003981982', 0),
  (620, '0000000620', '0003982409', 0),
  (621, '0000000621', '0003952647', 0),
  (622, '0000000622', '0003971685', 0),
  (623, '0000000623', '0004575015', 0),
  (624, '0000000624', '0003907184', 0),
  (625, '0000000625', '0004032936', 0),
  (626, '0000000626', '0004014779', 0),
  (627, '0000000627', '0003919033', 0),
  (628, '0000000628', '0003941443', 0),
  (629, '0000000629', '0003928909', 0),
  (630, '0000000630', '0003959642', 0),
  (631, '0000000631', '0003984025', 0),
  (632, '0000000632', '0004045731', 0),
  (633, '0000000633', '0004058516', 0),
  (634, '0000000634', '0004625658', 0),
  (635, '0000000635', '0004023305', 0),
  (636, '0000000636', '0004038875', 0),
  (637, '0000000637', '0004012431', 0),
  (638, '0000000638', '0004016544', 0),
  (639, '0000000639', '0004025452', 0),
  (640, '0000000640', '0004593841', 0),
  (641, '0000000641', '0004068884', 0),
  (642, '0000000642', '0004034862', 0),
  (643, '0000000643', '0004044033', 0),
  (644, '0000000644', '0003914182', 0),
  (645, '0000000645', '0003976929', 0),
  (646, '0000000646', '0004659569', 0),
  (647, '0000000647', '0004663699', 0),
  (648, '0000000648', '0004019965', 0),
  (649, '0000000649', '0003970318', 0),
  (650, '0000000650', '0004630289', 0),
  (651, '0000000651', '0004675307', 0),
  (652, '0000000652', '0003975019', 0),
  (653, '0000000653', '0004643354', 0),
  (654, '0000000654', '0003918950', 0),
  (655, '0000000655', '0003989546', 0),
  (656, '0000000656', '0003959078', 0),
  (657, '0000000657', '0003973237', 0),
  (658, '0000000658', '0003964589', 0),
  (659, '0000000659', '0003961726', 0),
  (660, '0000000660', '0003930183', 0),
  (661, '0000000661', '0003964720', 0),
  (662, '0000000662', '0003983048', 0),
  (663, '0000000663', '0003963271', 0),
  (664, '0000000664', '0003915694', 0),
  (665, '0000000665', '0003974306', 0),
  (666, '0000000666', '0003916719', 0),
  (667, '0000000667', '0003927768', 0),
  (668, '0000000668', '0004041625', 0),
  (669, '0000000669', '0004004416', 0),
  (670, '0000000670', '0004027024', 0),
  (671, '0000000671', '0003985682', 0),
  (672, '0000000672', '0003929512', 0),
  (673, '0000000673', '0003986847', 0),
  (674, '0000000674', '0004025130', 0),
  (675, '0000000675', '0004713262', 0),
  (676, '0000000676', '0004715268', 0),
  (677, '0000000677', '0004716885', 0),
  (678, '0000000678', '0004032242', 0),
  (679, '0000000679', '0004050991', 0),
  (680, '0000000680', '0003915500', 0),
  (681, '0000000681', '0003987130', 0),
  (682, '0000000682', '0004662079', 0),
  (683, '0000000683', '0004684923', 0),
  (684, '0000000684', '0004682500', 0),
  (685, '0000000685', '0003967938', 0),
  (686, '0000000686', '0004490813', 0),
  (687, '0000000687', '0004645604', 0),
  (688, '0000000688', '0003917484', 0),
  (689, '0000000689', '0004608966', 0),
  (690, '0000000690', '0003973127', 0),
  (691, '0000000691', '0004003390', 0),
  (692, '0000000692', '0003961635', 0),
  (693, '0000000693', '0003975699', 0),
  (694, '0000000694', '0003927444', 0),
  (695, '0000000695', '0003984937', 0),
  (696, '0000000696', '0003965210', 0),
  (697, '0000000697', '0003960386', 0),
  (698, '0000000698', '0003986961', 0),
  (699, '0000000699', '0003987507', 0),
  (700, '0000000700', '0003912859', 0),
  (701, '0000000701', '0003930512', 0),
  (702, '0000000702', '0003998654', 0),
  (703, '0000000703', '0004001997', 0),
  (704, '0000000704', '0004013049', 0),
  (705, '0000000705', '0003977171', 0),
  (706, '0000000706', '0003934503', 0),
  (707, '0000000707', '0003985266', 0),
  (708, '0000000708', '0003921293', 0),
  (709, '0000000709', '0003915231', 0),
  (710, '0000000710', '0003945413', 0),
  (711, '0000000711', '0003987912', 0),
  (712, '0000000712', '0003956187', 0),
  (713, '0000000713', '0004653053', 0),
  (714, '0000000714', '0004015416', 0),
  (715, '0000000715', '0004629926', 0),
  (716, '0000000716', '0004634859', 0),
  (717, '0000000717', '0004542542', 0),
  (718, '0000000718', '0004545681', 0),
  (719, '0000000719', '0004576849', 0),
  (720, '0000000720', '0004586804', 0),
  (721, '0000000721', '0004595978', 0),
  (722, '0000000722', '0004584009', 0),
  (723, '0000000723', '0004012301', 0),
  (724, '0000000724', '0004033353', 0),
  (725, '0000000725', '0004563806', 0),
  (726, '0000000726', '0003991289', 0),
  (727, '0000000727', '0004020416', 0),
  (728, '0000000728', '0004684955', 0),
  (729, '0000000729', '0004016016', 0),
  (730, '0000000730', '0004550669', 0),
  (731, '0000000731', '0004019886', 0),
  (732, '0000000732', '0004686609', 0),
  (733, '0000000733', '0003971877', 0),
  (734, '0000000734', '0004636935', 0),
  (735, '0000000735', '0003921277', 0),
  (736, '0000000736', '0004718486', 0),
  (737, '0000000737', '0004764108', 0),
  (738, '0000000738', '0004738002', 0),
  (739, '0000000739', '0004580586', 0),
  (740, '0000000740', '0004540878', 0),
  (741, '0000000741', '0004596308', 0),
  (742, '0000000742', '0004558778', 0),
  (743, '0000000743', '0004043281', 0),
  (744, '0000000744', '0004069739', 0),
  (745, '0000000745', '0004027794', 0),
  (746, '0000000746', '0004697025', 0),
  (747, '0000000747', '0004688685', 0),
  (748, '0000000748', '0004741764', 0),
  (749, '0000000749', '0004749793', 0),
  (750, '0000000750', '0004709919', 0),
  (751, '0000000751', '0004599127', 0),
  (752, '0000000752', '0004552944', 0),
  (753, '0000000753', '0004576567', 0),
  (754, '0000000754', '0004033496', 0),
  (755, '0000000755', '0004551547', 0),
  (756, '0000000756', '0004668734', 0),
  (757, '0000000757', '0004571495', 0),
  (758, '0000000758', '0004602569', 0),
  (759, '0000000759', '0004662566', 0),
  (760, '0000000760', '0004648408', 0),
  (761, '0000000761', '0004035939', 0),
  (762, '0000000762', '0004040645', 0),
  (763, '0000000763', '0004027771', 0),
  (764, '0000000764', '0004524373', 0),
  (765, '0000000765', '0004608078', 0),
  (766, '0000000766', '0004466441', 0),
  (767, '0000000767', '0004599584', 0),
  (768, '0000000768', '0004487317', 0),
  (769, '0000000769', '0004642786', 0),
  (770, '0000000770', '0004585968', 0),
  (771, '0000000771', '0004545762', 0),
  (772, '0000000772', '0004560352', 0),
  (773, '0000000773', '0004551024', 0),
  (774, '0000000774', '0004557416', 0),
  (775, '0000000775', '0003960911', 0),
  (776, '0000000776', '0004656901', 0),
  (777, '0000000777', '0004054066', 0),
  (778, '0000000778', '0003989257', 0),
  (779, '0000000779', '0004072037', 0),
  (780, '0000000780', '0003985028', 0),
  (781, '0000000781', '0003907322', 0),
  (782, '0000000782', '0003982636', 0),
  (783, '0000000783', '0003976372', 0),
  (784, '0000000784', '0003933560', 0),
  (785, '0000000785', '0003937845', 0),
  (786, '0000000786', '0004038317', 0),
  (787, '0000000787', '0004647297', 0),
  (788, '0000000788', '0004036184', 0),
  (789, '0000000789', '0004023890', 0),
  (790, '0000000790', '0003910004', 0),
  (791, '0000000791', '0004019367', 0),
  (792, '0000000792', '0004005724', 0),
  (793, '0000000793', '0004712039', 0),
  (794, '0000000794', '0003927974', 0),
  (795, '0000000795', '0003961236', 0),
  (796, '0000000796', '0003923507', 0),
  (797, '0000000797', '0003984523', 0),
  (798, '0000000798', '0003943601', 0),
  (799, '0000000799', '0003970422', 0),
  (800, '0000000800', '0003960198', 0),
  (801, '0000000801', '0004733931', 0),
  (802, '0000000802', '0003989061', 0),
  (803, '0000000803', '0003957352', 0),
  (804, '0000000804', '0003983403', 0),
  (805, '0000000805', '0003953686', 0),
  (806, '0000000806', '0004603747', 0),
  (807, '0000000807', '0004392835', 0),
  (808, '0000000808', '0004594765', 0),
  (809, '0000000809', '0003941371', 0),
  (810, '0000000810', '0004038188', 0),
  (811, '0000000811', '0003933444', 0),
  (812, '0000000812', '0004686633', 0),
  (813, '0000000813', '0003934313', 0),
  (814, '0000000814', '0004010973', 0),
  (815, '0000000815', '0004011930', 0),
  (816, '0000000816', '0003980096', 0),
  (817, '0000000817', '0003989037', 0),
  (818, '0000000818', '0003950306', 0),
  (819, '0000000819', '0003921475', 0),
  (820, '0000000820', '0004047444', 0),
  (821, '0000000821', '0003907631', 0),
  (822, '0000000822', '0004057183', 0),
  (823, '0000000823', '0004011071', 0),
  (824, '0000000824', '0003909039', 0),
  (825, '0000000825', '0003944727', 0),
  (826, '0000000826', '0003925868', 0),
  (827, '0000000827', '0003949176', 0),
  (828, '0000000828', '0003953517', 0),
  (829, '0000000829', '0004669820', 0),
  (830, '0000000830', '0004627388', 0),
  (831, '0000000831', '0004610886', 0),
  (832, '0000000832', '0004041277', 0),
  (833, '0000000833', '0004041703', 0),
  (834, '0000000834', '0004014755', 0),
  (835, '0000000835', '0004027693', 0),
  (836, '0000000836', '0004578012', 0),
  (837, '0000000837', '0004061748', 0),
  (838, '0000000838', '0004067341', 0),
  (839, '0000000839', '0004583309', 0),
  (840, '0000000840', '0004547812', 0),
  (841, '0000000841', '0004629877', 0),
  (842, '0000000842', '0004578324', 0),
  (843, '0000000843', '0004595372', 0),
  (844, '0000000844', '0004600498', 0),
  (845, '0000000845', '0004556563', 0),
  (846, '0000000846', '0004551637', 0),
  (847, '0000000847', '0004588367', 0),
  (848, '0000000848', '0004562558', 0),
  (849, '0000000849', '0004594065', 0),
  (850, '0000000850', '0004632128', 0),
  (851, '0000000851', '0004680927', 0),
  (852, '0000000852', '0004573107', 0),
  (853, '0000000853', '0004588860', 0),
  (854, '0000000854', '0004002759', 0),
  (855, '0000000855', '0004042647', 0),
  (856, '0000000856', '0004027724', 0),
  (857, '0000000857', '0003945924', 0),
  (858, '0000000858', '0003938905', 0),
  (859, '0000000859', '0004680521', 0),
  (860, '0000000860', '0004062805', 0),
  (861, '0000000861', '0004065911', 0),
  (862, '0000000862', '0004002467', 0),
  (863, '0000000863', '0004005610', 0),
  (864, '0000000864', '0004069268', 0),
  (865, '0000000865', '0004055596', 0),
  (866, '0000000866', '0004028528', 0),
  (867, '0000000867', '0004616272', 0),
  (868, '0000000868', '0004011388', 0),
  (869, '0000000869', '0003951432', 0),
  (870, '0000000870', '0003972088', 0),
  (871, '0000000871', '0003917598', 0),
  (872, '0000000872', '0003969422', 0),
  (873, '0000000873', '0004037857', 0),
  (874, '0000000874', '0004052473', 0),
  (875, '0000000875', '0004606997', 0),
  (876, '0000000876', '0003949811', 0),
  (877, '0000000877', '0004059104', 0),
  (878, '0000000878', '0003998400', 0),
  (879, '0000000879', '0004021765', 0),
  (880, '0000000880', '0004044108', 0),
  (881, '0000000881', '0003940947', 0),
  (882, '0000000882', '0004052331', 0),
  (883, '0000000883', '0004068212', 0),
  (884, '0000000884', '0004065704', 0),
  (885, '0000000885', '0004663922', 0),
  (886, '0000000886', '0004660516', 0),
  (887, '0000000887', '0004066927', 0),
  (888, '0000000888', '0003974516', 0),
  (889, '0000000889', '0004033239', 0),
  (890, '0000000890', '0004021309', 0),
  (891, '0000000891', '0003941366', 0),
  (892, '0000000892', '0004057644', 0),
  (893, '0000000893', '0004057578', 0),
  (894, '0000000894', '0003957996', 0),
  (895, '0000000895', '0003992228', 0),
  (896, '0000000896', '0004059678', 0),
  (897, '0000000897', '0004012709', 0),
  (898, '0000000898', '0004024749', 0),
  (899, '0000000899', '0004015142', 0),
  (900, '0000000900', '0004069015', 0),
  (901, '0000000901', '0003926071', 0),
  (902, '0000000902', '0004003815', 0),
  (903, '0000000903', '0004069424', 0),
  (904, '0000000904', '0004033256', 0),
  (905, '0000000905', '0004605236', 0),
  (906, '0000000906', '0003996875', 0),
  (907, '0000000907', '0004001799', 0),
  (908, '0000000908', '0004069986', 0),
  (909, '0000000909', '0004050147', 0),
  (910, '0000000910', '0004017227', 0),
  (911, '0000000911', '0003976123', 0),
  (912, '0000000912', '0003967942', 0),
  (913, '0000000913', '0003927702', 0),
  (914, '0000000914', '0003932209', 0),
  (915, '0000000915', '0003910502', 0),
  (916, '0000000916', '0004662320', 0),
  (917, '0000000917', '0004002924', 0),
  (918, '0000000918', '0003974159', 0),
  (919, '0000000919', '0003975982', 0),
  (920, '0000000920', '0004660903', 0),
  (921, '0000000921', '0004642515', 0),
  (922, '0000000922', '0003961650', 0),
  (923, '0000000923', '0004031690', 0),
  (924, '0000000924', '0004041866', 0),
  (925, '0000000925', '0004053041', 0),
  (926, '0000000926', '0004010005', 0),
  (927, '0000000927', '0004043592', 0),
  (928, '0000000928', '0004071839', 0),
  (929, '0000000929', '0003947783', 0),
  (930, '0000000930', '0003996874', 0),
  (931, '0000000931', '0004594140', 0),
  (932, '0000000932', '0004568269', 0),
  (933, '0000000933', '0004590126', 0),
  (934, '0000000934', '0004578074', 0),
  (935, '0000000935', '0004592717', 0),
  (936, '0000000936', '0004556010', 0),
  (937, '0000000937', '0003919271', 0),
  (938, '0000000938', '0003939507', 0),
  (939, '0000000939', '0004024921', 0),
  (940, '0000000940', '0004044214', 0),
  (941, '0000000941', '0003995832', 0),
  (942, '0000000942', '0004051877', 0),
  (943, '0000000943', '0003929748', 0),
  (944, '0000000944', '0003954332', 0),
  (945, '0000000945', '0003962261', 0),
  (946, '0000000946', '0003933886', 0),
  (947, '0000000947', '0003999345', 0),
  (948, '0000000948', '0003982238', 0),
  (949, '0000000949', '0003961154', 0),
  (950, '0000000950', '0003970548', 0),
  (951, '0000000951', '0004717119', 0),
  (952, '0000000952', '0004041991', 0),
  (953, '0000000953', '0004692696', 0),
  (954, '0000000954', '0003945626', 0),
  (955, '0000000955', '0003992158', 0),
  (956, '0000000956', '0003999561', 0),
  (957, '0000000957', '0004055561', 0),
  (958, '0000000958', '0004064913', 0),
  (959, '0000000959', '0003972937', 0),
  (960, '0000000960', '0004020611', 0),
  (961, '0000000961', '0003997974', 0),
  (962, '0000000962', '0003972234', 0),
  (963, '0000000963', '0004002504', 0),
  (964, '0000000964', '0004057334', 0),
  (965, '0000000965', '0003950454', 0),
  (966, '0000000966', '0004061408', 0),
  (967, '0000000967', '0004638790', 0),
  (968, '0000000968', '0004030015', 0),
  (969, '0000000969', '0004012359', 0),
  (970, '0000000970', '0004038279', 0),
  (971, '0000000971', '0004004148', 0),
  (972, '0000000972', '0004022040', 0),
  (973, '0000000973', '0003914560', 0),
  (974, '0000000974', '0004018828', 0),
  (975, '0000000975', '0003998100', 0),
  (976, '0000000976', '0004032880', 0),
  (977, '0000000977', '0004027977', 0),
  (978, '0000000978', '0004037627', 0),
  (979, '0000000979', '0003994389', 0),
  (980, '0000000980', '0004069811', 0),
  (981, '0000000981', '0004032195', 0),
  (982, '0000000982', '0004002312', 0),
  (983, '0000000983', '0003958238', 0),
  (984, '0000000984', '0003968283', 0),
  (985, '0000000985', '0003927365', 0),
  (986, '0000000986', '0003930539', 0),
  (987, '0000000987', '0003910704', 0),
  (988, '0000000988', '0004740623', 0),
  (989, '0000000989', '0004016231', 0),
  (990, '0000000990', '0003937491', 0),
  (991, '0000000991', '0003976292', 0),
  (992, '0000000992', '0004066682', 0),
  (993, '0000000993', '0003991862', 0),
  (994, '0000000994', '0003944159', 0),
  (995, '0000000995', '0004032699', 0),
  (996, '0000000996', '0004029581', 0),
  (997, '0000000997', '0004051597', 0),
  (998, '0000000998', '0004009664', 0),
  (999, '0000000999', '0004008656', 0),
  (1000, '0000001000', '0004071945', 0),
  (1001, '0000001001', '0004052298', 0),
  (1002, '0000001002', '0004064384', 0),
  (1003, '0000001003', '0004594449', 0),
  (1004, '0000001004', '0004593848', 0),
  (1005, '0000001005', '0004589804', 0),
  (1006, '0000001006', '0004581399', 0),
  (1007, '0000001007', '0004592403', 0),
  (1008, '0000001008', '0004556285', 0),
  (1009, '0000001009', '0003979808', 0),
  (1010, '0000001010', '0003939855', 0),
  (1011, '0000001011', '0003968453', 0),
  (1012, '0000001012', '0004020920', 0),
  (1013, '0000001013', '0003934173', 0),
  (1014, '0000001014', '0004058431', 0),
  (1015, '0000001015', '0003957331', 0),
  (1016, '0000001016', '0003954705', 0),
  (1017, '0000001017', '0003978685', 0),
  (1018, '0000001018', '0003982901', 0),
  (1019, '0000001019', '0003999762', 0),
  (1020, '0000001020', '0003918452', 0),
  (1021, '0000001021', '0003919645', 0),
  (1022, '0000001022', '0003988783', 0),
  (1023, '0000001023', '0004706950', 0),
  (1024, '0000001024', '0004042360', 0),
  (1025, '0000001025', '0004058120', 0),
  (1026, '0000001026', '0003937117', 0),
  (1027, '0000001027', '0003997973', 0),
  (1028, '0000001028', '0003942037', 0),
  (1029, '0000001029', '0003915864', 0),
  (1030, '0000001030', '0003972932', 0),
  (1031, '0000001031', '0003960629', 0),
  (1032, '0000001032', '0004002300', 0),
  (1033, '0000001033', '0004033181', 0),
  (1034, '0000001034', '0003997098', 0),
  (1035, '0000001035', '0004639629', 0),
  (1036, '0000001036', '0003980538', 0),
  (1037, '0000001037', '0004042399', 0),
  (1038, '0000001038', '0004051941', 0),
  (1039, '0000001039', '0003960049', 0),
  (1040, '0000001040', '0004057945', 0),
  (1041, '0000001041', '0004017922', 0),
  (1042, '0000001042', '0003935767', 0),
  (1043, '0000001043', '0004048702', 0),
  (1044, '0000001044', '0003913732', 0),
  (1045, '0000001045', '0004059980', 0),
  (1046, '0000001046', '0004016113', 0),
  (1047, '0000001047', '0003998236', 0),
  (1048, '0000001048', '0003998380', 0),
  (1049, '0000001049', '0004066792', 0),
  (1050, '0000001050', '0003977543', 0),
  (1051, '0000001051', '0004069206', 0),
  (1052, '0000001052', '0004003501', 0),
  (1053, '0000001053', '0004658122', 0),
  (1054, '0000001054', '0004605007', 0),
  (1055, '0000001055', '0003997142', 0),
  (1056, '0000001056', '0003998856', 0),
  (1057, '0000001057', '0003996613', 0),
  (1058, '0000001058', '0004054241', 0),
  (1059, '0000001059', '0004016511', 0),
  (1060, '0000001060', '0003923624', 0),
  (1061, '0000001061', '0003950502', 0),
  (1062, '0000001062', '0003931684', 0),
  (1063, '0000001063', '0003932557', 0),
  (1064, '0000001064', '0003908679', 0),
  (1065, '0000001065', '0004617783', 0),
  (1066, '0000001066', '0003999631', 0),
  (1067, '0000001067', '0003973783', 0),
  (1068, '0000001068', '0003973854', 0),
  (1069, '0000001069', '0004555720', 0),
  (1070, '0000001070', '0004011445', 0),
  (1071, '0000001071', '0003969528', 0),
  (1072, '0000001072', '0004027715', 0),
  (1073, '0000001073', '0004576959', 0),
  (1074, '0000001074', '0003998026', 0),
  (1075, '0000001075', '0004042234', 0),
  (1076, '0000001076', '0004047548', 0),
  (1077, '0000001077', '0004032442', 0),
  (1078, '0000001078', '0004043225', 0),
  (1079, '0000001079', '0004072042', 0),
  (1080, '0000001080', '0004500164', 0),
  (1081, '0000001081', '0004596275', 0),
  (1082, '0000001082', '0004573550', 0),
  (1083, '0000001083', '0004581636', 0),
  (1084, '0000001084', '0004592106', 0),
  (1085, '0000001085', '0004556568', 0),
  (1086, '0000001086', '0004641108', 0),
  (1087, '0000001087', '0003918971', 0),
  (1088, '0000001088', '0004021322', 0),
  (1089, '0000001089', '0004052798', 0),
  (1090, '0000001090', '0003984431', 0),
  (1091, '0000001091', '0004637882', 0),
  (1092, '0000001092', '0003951404', 0),
  (1093, '0000001093', '0003963457', 0),
  (1094, '0000001094', '0003932578', 0),
  (1095, '0000001095', '0003962620', 0),
  (1096, '0000001096', '0004636204', 0),
  (1097, '0000001097', '0003919248', 0),
  (1098, '0000001098', '0003928713', 0),
  (1099, '0000001099', '0003966799', 0),
  (1100, '0000001100', '0004707289', 0),
  (1101, '0000001101', '0004692695', 0),
  (1102, '0000001102', '0004703534', 0),
  (1103, '0000001103', '0003949921', 0),
  (1104, '0000001104', '0004698274', 0),
  (1105, '0000001105', '0003937434', 0),
  (1106, '0000001106', '0003973732', 0),
  (1107, '0000001107', '0003975684', 0),
  (1108, '0000001108', '0003937068', 0),
  (1109, '0000001109', '0003937707', 0),
  (1110, '0000001110', '0003948111', 0),
  (1111, '0000001111', '0004738932', 0),
  (1112, '0000001112', '0003941676', 0),
  (1113, '0000001113', '0003971927', 0),
  (1114, '0000001114', '0003976190', 0),
  (1115, '0000001115', '0003978369', 0),
  (1116, '0000001116', '0003955606', 0),
  (1117, '0000001117', '0004041062', 0),
  (1118, '0000001118', '0004583146', 0),
  (1119, '0000001119', '0004638911', 0),
  (1120, '0000001120', '0004065177', 0),
  (1121, '0000001121', '0003982907', 0),
  (1122, '0000001122', '0004042030', 0),
  (1123, '0000001123', '0004041242', 0),
  (1124, '0000001124', '0003972559', 0),
  (1125, '0000001125', '0003998662', 0),
  (1126, '0000001126', '0004016908', 0),
  (1127, '0000001127', '0003950803', 0),
  (1128, '0000001128', '0004061704', 0),
  (1129, '0000001129', '0004639148', 0),
  (1130, '0000001130', '0003972728', 0),
  (1131, '0000001131', '0003937814', 0),
  (1132, '0000001132', '0003980519', 0),
  (1133, '0000001133', '0003970747', 0),
  (1134, '0000001134', '0003935502', 0),
  (1135, '0000001135', '0003965443', 0),
  (1136, '0000001136', '0003921337', 0),
  (1137, '0000001137', '0003975159', 0),
  (1138, '0000001138', '0003929964', 0),
  (1139, '0000001139', '0004542678', 0),
  (1140, '0000001140', '0003974266', 0),
  (1141, '0000001141', '0003944149', 0),
  (1142, '0000001142', '0003936956', 0),
  (1143, '0000001143', '0003929383', 0),
  (1144, '0000001144', '0003988169', 0),
  (1145, '0000001145', '0004066825', 0),
  (1146, '0000001146', '0003995466', 0),
  (1147, '0000001147', '0004613951', 0),
  (1148, '0000001148', '0004616322', 0),
  (1149, '0000001149', '0004013580', 0),
  (1150, '0000001150', '0004030833', 0),
  (1151, '0000001151', '0004048981', 0),
  (1152, '0000001152', '0004034951', 0),
  (1153, '0000001153', '0004016548', 0),
  (1154, '0000001154', '0003990507', 0),
  (1155, '0000001155', '0004012785', 0),
  (1156, '0000001156', '0004642405', 0),
  (1157, '0000001157', '0004022482', 0),
  (1158, '0000001158', '0004066481', 0),
  (1159, '0000001159', '0004662156', 0),
  (1160, '0000001160', '0004015436', 0),
  (1161, '0000001161', '0003935665', 0),
  (1162, '0000001162', '0003956331', 0),
  (1163, '0000001163', '0003974076', 0),
  (1164, '0000001164', '0003955965', 0),
  (1165, '0000001165', '0003945049', 0),
  (1166, '0000001166', '0003961464', 0),
  (1167, '0000001167', '0003922892', 0),
  (1168, '0000001168', '0003943361', 0),
  (1169, '0000001169', '0003952606', 0),
  (1170, '0000001170', '0003922333', 0),
  (1171, '0000001171', '0004547293', 0),
  (1172, '0000001172', '0004575011', 0),
  (1173, '0000001173', '0004554782', 0),
  (1174, '0000001174', '0004653001', 0),
  (1175, '0000001175', '0004568106', 0),
  (1176, '0000001176', '0004581215', 0),
  (1177, '0000001177', '0004622374', 0),
  (1178, '0000001178', '0004543362', 0),
  (1179, '0000001179', '0004623803', 0),
  (1180, '0000001180', '0004542749', 0),
  (1181, '0000001181', '0004589892', 0),
  (1182, '0000001182', '0004631213', 0),
  (1183, '0000001183', '0004617896', 0),
  (1184, '0000001184', '0004666775', 0),
  (1185, '0000001185', '0004614360', 0),
  (1186, '0000001186', '0004609919', 0),
  (1187, '0000001187', '0004627901', 0),
  (1188, '0000001188', '0004611872', 0),
  (1189, '0000001189', '0004660314', 0),
  (1190, '0000001190', '0004606002', 0),
  (1191, '0000001191', '0004672720', 0),
  (1192, '0000001192', '0004642248', 0),
  (1193, '0000001193', '0003992560', 0),
  (1194, '0000001194', '0003971876', 0),
  (1195, '0000001195', '0003945401', 0),
  (1196, '0000001196', '0003916998', 0),
  (1197, '0000001197', '0003923874', 0),
  (1198, '0000001198', '0003988370', 0),
  (1199, '0000001199', '0004025897', 0),
  (1200, '0000001200', '0003938139', 0),
  (1201, '0000001201', '0003909018', 1),
  (1202, '0000001202', '0003959373', 1),
  (1203, '0000001203', '0003977042', 1),
  (1204, '0000001204', '0003971716', 1),
  (1205, '0000001205', '0004743837', 1),
  (1206, '0000001206', '0004768329', 1),
  (1207, '0000001207', '0004068203', 1),
  (1208, '0000001208', '0004714782', 1),
  (1209, '0000001209', '0003992719', 1),
  (1210, '0000001210', '0004067889', 1),
  (1211, '0000001211', '0004741468', 1),
  (1212, '0000001212', '0004704162', 1),
  (1213, '0000001213', '0004747244', 0),
  (1214, '0000001214', '0004707462', 1),
  (1215, '0000001215', '0004723291', 1),
  (1216, '0000001216', '0004762419', 1),
  (1217, '0000001217', '0004029126', 1),
  (1218, '0000001218', '0004747390', 0),
  (1219, '0000001219', '0004736040', 0),
  (1220, '0000001220', '0004714214', 0),
  (1221, '0000001221', '0004747467', 0),
  (1222, '0000001222', '0004741562', 0),
  (1223, '0000001223', '0004770134', 0),
  (1224, '0000001224', '0004687855', 0),
  (1225, '0000001225', '0004692912', 0),
  (1226, '0000001226', '0004741623', 0),
  (1227, '0000001227', '0004704272', 0),
  (1228, '0000001228', '0004709025', 0),
  (1229, '0000001229', '0004720046', 0),
  (1230, '0000001230', '0004751836', 0),
  (1231, '0000001231', '0003974857', 0),
  (1232, '0000001232', '0004027674', 0),
  (1233, '0000001233', '0004022184', 0),
  (1234, '0000001234', '0004068117', 0),
  (1235, '0000001235', '0004023660', 0),
  (1236, '0000001236', '0003912580', 0),
  (1237, '0000001237', '0003985465', 0),
  (1238, '0000001238', '0004029567', 0),
  (1239, '0000001239', '0003999986', 0),
  (1240, '0000001240', '0004040070', 0),
  (1241, '0000001241', '0003965897', 0),
  (1242, '0000001242', '0004062358', 0),
  (1243, '0000001243', '0003988410', 0),
  (1244, '0000001244', '0004017279', 0),
  (1245, '0000001245', '0003973598', 0),
  (1246, '0000001246', '0004070064', 0),
  (1247, '0000001247', '0003974520', 0),
  (1248, '0000001248', '0003925760', 0),
  (1249, '0000001249', '0003964345', 0),
  (1250, '0000001250', '0004639230', 0),
  (1251, '0000001251', '0003986286', 0),
  (1252, '0000001252', '0003909030', 0),
  (1253, '0000001253', '0003980321', 0),
  (1254, '0000001254', '0003934954', 0),
  (1255, '0000001255', '0003943726', 0),
  (1256, '0000001256', '0004049951', 0),
  (1257, '0000001257', '0004628178', 0),
  (1258, '0000001258', '0003975208', 0),
  (1259, '0000001259', '0003950041', 0),
  (1260, '0000001260', '0003961452', 0),
  (1261, '0000001261', '0003987268', 0),
  (1262, '0000001262', '0004015206', 0),
  (1263, '0000001263', '0003981431', 0),
  (1264, '0000001264', '0003983328', 0),
  (1265, '0000001265', '0003982138', 0),
  (1266, '0000001266', '0003932231', 0),
  (1267, '0000001267', '0004640732', 0),
  (1268, '0000001268', '0004658399', 0),
  (1269, '0000001269', '0003909616', 0),
  (1270, '0000001270', '0003934960', 0),
  (1271, '0000001271', '0004034375', 0),
  (1272, '0000001272', '0003965673', 0),
  (1273, '0000001273', '0003918719', 0),
  (1274, '0000001274', '0003964128', 0),
  (1275, '0000001275', '0004025669', 0),
  (1276, '0000001276', '0003990974', 0),
  (1277, '0000001277', '0003975639', 0),
  (1278, '0000001278', '0004045653', 0),
  (1279, '0000001279', '0004065825', 0),
  (1280, '0000001280', '0004027670', 0),
  (1281, '0000001281', '0004060207', 0),
  (1282, '0000001282', '0004638191', 0),
  (1283, '0000001283', '0004035390', 0),
  (1284, '0000001284', '0004049750', 0),
  (1285, '0000001285', '0004060961', 0),
  (1286, '0000001286', '0004067024', 0),
  (1287, '0000001287', '0004008384', 0),
  (1288, '0000001288', '0003915768', 0),
  (1289, '0000001289', '0004615930', 0),
  (1290, '0000001290', '0003928471', 0),
  (1291, '0000001291', '0003957583', 0),
  (1292, '0000001292', '0003964142', 0),
  (1293, '0000001293', '0003928850', 0),
  (1294, '0000001294', '0003948556', 0),
  (1295, '0000001295', '0003985448', 0),
  (1296, '0000001296', '0003987212', 0),
  (1297, '0000001297', '0003954837', 0),
  (1298, '0000001298', '0003934677', 0),
  (1299, '0000001299', '0004035072', 0),
  (1300, '0000001300', '0004613715', 0),
  (1301, '0000001301', '0004630838', 0),
  (1302, '0000001302', '0003917382', 0),
  (1303, '0000001303', '0003917358', 0),
  (1304, '0000001304', '0003922671', 0),
  (1305, '0000001305', '0003911969', 0),
  (1306, '0000001306', '0003962433', 0),
  (1307, '0000001307', '0003987019', 0),
  (1308, '0000001308', '0003980616', 0),
  (1309, '0000001309', '0004071012', 0),
  (1310, '0000001310', '0003938422', 0),
  (1311, '0000001311', '0004018996', 0),
  (1312, '0000001312', '0003980454', 0),
  (1313, '0000001313', '0003922498', 0),
  (1314, '0000001314', '0003910802', 0),
  (1315, '0000001315', '0003941606', 0),
  (1316, '0000001316', '0003908529', 0),
  (1317, '0000001317', '0003972964', 0),
  (1318, '0000001318', '0003932342', 0),
  (1319, '0000001319', '0003973434', 0),
  (1320, '0000001320', '0003981122', 0),
  (1321, '0000001321', '0003908609', 0),
  (1322, '0000001322', '0003920561', 0),
  (1323, '0000001323', '0003993543', 0),
  (1324, '0000001324', '0004062573', 0),
  (1325, '0000001325', '0003952776', 0),
  (1326, '0000001326', '0003977788', 0),
  (1327, '0000001327', '0003974825', 0),
  (1328, '0000001328', '0003963656', 0),
  (1329, '0000001329', '0003964910', 0),
  (1330, '0000001330', '0004048056', 0),
  (1331, '0000001331', '0003953588', 0),
  (1332, '0000001332', '0003909202', 0),
  (1333, '0000001333', '0003981382', 0),
  (1334, '0000001334', '0003964169', 0),
  (1335, '0000001335', '0003943356', 0),
  (1336, '0000001336', '0003930707', 0),
  (1337, '0000001337', '0004005008', 0),
  (1338, '0000001338', '0003913745', 0),
  (1339, '0000001339', '0003919566', 0),
  (1340, '0000001340', '0003961919', 0),
  (1341, '0000001341', '0003974932', 0),
  (1342, '0000001342', '0003984621', 0),
  (1343, '0000001343', '0003935919', 0),
  (1344, '0000001344', '0003954678', 0),
  (1345, '0000001345', '0003951644', 0),
  (1346, '0000001346', '0003963702', 0),
  (1347, '0000001347', '0003986446', 0),
  (1348, '0000001348', '0004658767', 0),
  (1349, '0000001349', '0003909431', 0),
  (1350, '0000001350', '0003933197', 0),
  (1351, '0000001351', '0004034004', 0),
  (1352, '0000001352', '0003952431', 0),
  (1353, '0000001353', '0003907455', 0),
  (1354, '0000001354', '0003966868', 0),
  (1355, '0000001355', '0004034137', 0),
  (1356, '0000001356', '0004022368', 0),
  (1357, '0000001357', '0003985957', 0),
  (1358, '0000001358', '0004037630', 1),
  (1359, '0000001359', '0004066075', 1),
  (1360, '0000001360', '0004027293', 1),
  (1361, '0000001361', '0004048088', 1),
  (1362, '0000001362', '0004011918', 1),
  (1363, '0000001363', '0004035017', 1),
  (1364, '0000001364', '0004012100', 1),
  (1365, '0000001365', '0004007678', 1),
  (1366, '0000001366', '0004066784', 1),
  (1367, '0000001367', '0004031020', 1),
  (1368, '0000001368', '0003955913', 1),
  (1369, '0000001369', '0004027943', 1),
  (1370, '0000001370', '0003928812', 1),
  (1371, '0000001371', '0003957232', 1),
  (1372, '0000001372', '0003909306', 1),
  (1373, '0000001373', '0003928168', 1),
  (1374, '0000001374', '0003971348', 1),
  (1375, '0000001375', '0003938828', 1),
  (1376, '0000001376', '0003925483', 1),
  (1377, '0000001377', '0003971372', 1),
  (1378, '0000001378', '0003934319', 1),
  (1379, '0000001379', '0004045152', 1);
INSERT INTO `t_cards` (`id`, `card`, `numbers`, `status`) VALUES
  (1380, '0000001380', '0004053434', 1),
  (1381, '0000001381', '0003942432', 1),
  (1382, '0000001382', '0003971393', 1),
  (1383, '0000001383', '0003967138', 1),
  (1384, '0000001384', '0003935011', 1),
  (1385, '0000001385', '0003954071', 1),
  (1386, '0000001386', '0003920353', 1),
  (1387, '0000001387', '0003981643', 1),
  (1388, '0000001388', '0003945058', 1),
  (1389, '0000001389', '0003976830', 1),
  (1390, '0000001390', '0003979638', 1),
  (1391, '0000001391', '0004019362', 1),
  (1392, '0000001392', '0003980727', 1),
  (1393, '0000001393', '0003927661', 1),
  (1394, '0000001394', '0003927979', 1),
  (1395, '0000001395', '0003941253', 1),
  (1396, '0000001396', '0003932326', 1),
  (1397, '0000001397', '0004061092', 1),
  (1398, '0000001398', '0003931994', 1),
  (1399, '0000001399', '0003973122', 1),
  (1400, '0000001400', '0003923687', 1),
  (1401, '0000001401', '0003927638', 0),
  (1402, '0000001402', '0003930958', 0),
  (1403, '0000001403', '0004009390', 0),
  (1404, '0000001404', '0004062858', 0),
  (1405, '0000001405', '0003978988', 0),
  (1406, '0000001406', '0003924930', 0),
  (1407, '0000001407', '0003973051', 0),
  (1408, '0000001408', '0003937453', 0),
  (1409, '0000001409', '0003980238', 0),
  (1410, '0000001410', '0003946721', 0),
  (1411, '0000001411', '0003935859', 0),
  (1412, '0000001412', '0003925185', 0),
  (1413, '0000001413', '0003929026', 0),
  (1414, '0000001414', '0003929657', 0),
  (1415, '0000001415', '0003954173', 0),
  (1416, '0000001416', '0003988575', 0),
  (1417, '0000001417', '0003973959', 0),
  (1418, '0000001418', '0003943785', 0),
  (1419, '0000001419', '0003953551', 0),
  (1420, '0000001420', '0003978717', 0),
  (1421, '0000001421', '0003988018', 0),
  (1422, '0000001422', '0004061158', 0),
  (1423, '0000001423', '0003995715', 0),
  (1424, '0000001424', '0004009775', 0),
  (1425, '0000001425', '0004068110', 0),
  (1426, '0000001426', '0004013934', 0),
  (1427, '0000001427', '0004013122', 0),
  (1428, '0000001428', '0004048630', 0),
  (1429, '0000001429', '0004030913', 0),
  (1430, '0000001430', '0004031459', 0),
  (1431, '0000001431', '0003990361', 0),
  (1432, '0000001432', '0004013032', 0),
  (1433, '0000001433', '0004008219', 0),
  (1434, '0000001434', '0004020155', 0),
  (1435, '0000001435', '0004030134', 0),
  (1436, '0000001436', '0004015924', 0),
  (1437, '0000001437', '0004027963', 0),
  (1438, '0000001438', '0003988930', 0),
  (1439, '0000001439', '0003911362', 0),
  (1440, '0000001440', '0003973468', 0),
  (1441, '0000001441', '0003917620', 0),
  (1442, '0000001442', '0003914104', 0),
  (1443, '0000001443', '0003981361', 0),
  (1444, '0000001444', '0003925708', 0),
  (1445, '0000001445', '0003943731', 0),
  (1446, '0000001446', '0003953245', 0),
  (1447, '0000001447', '0003922647', 0),
  (1448, '0000001448', '0004547089', 0),
  (1449, '0000001449', '0004574715', 0),
  (1450, '0000001450', '0004554518', 0),
  (1451, '0000001451', '0004643027', 0),
  (1452, '0000001452', '0004567756', 0),
  (1453, '0000001453', '0004540118', 0),
  (1454, '0000001454', '0004622698', 0),
  (1455, '0000001455', '0004543519', 0),
  (1456, '0000001456', '0004624142', 0),
  (1457, '0000001457', '0004589353', 0),
  (1458, '0000001458', '0004583302', 0),
  (1459, '0000001459', '0004630854', 0),
  (1460, '0000001460', '0004630377', 0),
  (1461, '0000001461', '0004655763', 0),
  (1462, '0000001462', '0004614645', 0),
  (1463, '0000001463', '0004656992', 0),
  (1464, '0000001464', '0004666492', 0),
  (1465, '0000001465', '0004643587', 0),
  (1466, '0000001466', '0004615126', 0),
  (1467, '0000001467', '0004606164', 0),
  (1468, '0000001468', '0004609459', 0),
  (1469, '0000001469', '0004642624', 0),
  (1470, '0000001470', '0003992758', 0),
  (1471, '0000001471', '0003977504', 0),
  (1472, '0000001472', '0003945644', 0),
  (1473, '0000001473', '0003916716', 0),
  (1474, '0000001474', '0003946983', 0),
  (1475, '0000001475', '0003988498', 0),
  (1476, '0000001476', '0003939823', 0),
  (1477, '0000001477', '0003985566', 0),
  (1478, '0000001478', '0003909190', 0),
  (1479, '0000001479', '0003957684', 0),
  (1480, '0000001480', '0003946607', 0),
  (1481, '0000001481', '0003950972', 0),
  (1482, '0000001482', '0004697137', 0),
  (1483, '0000001483', '0004065593', 0),
  (1484, '0000001484', '0004068420', 0),
  (1485, '0000001485', '0004714693', 0),
  (1486, '0000001486', '0004021495', 0),
  (1487, '0000001487', '0004068112', 0),
  (1488, '0000001488', '0004735055', 0),
  (1489, '0000001489', '0004049331', 0),
  (1490, '0000001490', '0004753947', 0),
  (1491, '0000001491', '0004022961', 0),
  (1492, '0000001492', '0004695356', 0),
  (1493, '0000001493', '0004701951', 0),
  (1494, '0000001494', '0004029502', 0),
  (1495, '0000001495', '0004763954', 0),
  (1496, '0000001496', '0003939885', 0),
  (1497, '0000001497', '0004698703', 0),
  (1498, '0000001498', '0003941895', 0),
  (1499, '0000001499', '0004769555', 0),
  (1500, '0000001500', '0004755107', 0),
  (1501, '0000001501', '0004687982', 0),
  (1502, '0000001502', '0004738004', 0),
  (1503, '0000001503', '0004704829', 0),
  (1504, '0000001504', '0004755228', 0),
  (1505, '0000001505', '0004764317', 0),
  (1506, '0000001506', '0004055072', 0),
  (1507, '0000001507', '0004751499', 0),
  (1508, '0000001508', '0003944228', 0),
  (1509, '0000001509', '0004054523', 0),
  (1510, '0000001510', '0003992188', 0),
  (1511, '0000001511', '0004059990', 0),
  (1512, '0000001512', '0003993703', 0),
  (1513, '0000001513', '0003918543', 0),
  (1514, '0000001514', '0003921892', 0),
  (1515, '0000001515', '0004050108', 0),
  (1516, '0000001516', '0004008661', 0),
  (1517, '0000001517', '0004039315', 0),
  (1518, '0000001518', '0003966250', 0),
  (1519, '0000001519', '0004068883', 0),
  (1520, '0000001520', '0003981135', 0),
  (1521, '0000001521', '0004017643', 0),
  (1522, '0000001522', '0003912358', 0),
  (1523, '0000001523', '0004071574', 0),
  (1524, '0000001524', '0003933536', 0),
  (1525, '0000001525', '0004060087', 0),
  (1526, '0000001526', '0003933432', 0),
  (1527, '0000001527', '0004628736', 0),
  (1528, '0000001528', '0003974293', 0),
  (1529, '0000001529', '0003977937', 0),
  (1530, '0000001530', '0003962529', 0),
  (1531, '0000001531', '0003987754', 0),
  (1532, '0000001532', '0003985596', 0),
  (1533, '0000001533', '0003980059', 0),
  (1534, '0000001534', '0003984286', 0),
  (1535, '0000001535', '0003981349', 0),
  (1536, '0000001536', '0003931183', 0),
  (1537, '0000001537', '0004639608', 0),
  (1538, '0000001538', '0004014905', 0),
  (1539, '0000001539', '0003931782', 0),
  (1540, '0000001540', '0003932149', 0),
  (1541, '0000001541', '0003958812', 0),
  (1542, '0000001542', '0003964705', 0),
  (1543, '0000001543', '0003919925', 0),
  (1544, '0000001544', '0003965049', 0),
  (1545, '0000001545', '0004026788', 0),
  (1546, '0000001546', '0003997598', 0),
  (1547, '0000001547', '0003976565', 0),
  (1548, '0000001548', '0004040607', 0),
  (1549, '0000001549', '0004065060', 0),
  (1550, '0000001550', '0003992822', 0),
  (1551, '0000001551', '0004059298', 0),
  (1552, '0000001552', '0004639263', 0),
  (1553, '0000001553', '0004035764', 0),
  (1554, '0000001554', '0004048698', 0),
  (1555, '0000001555', '0004060073', 0),
  (1556, '0000001556', '0004067941', 0),
  (1557, '0000001557', '0004007386', 0),
  (1558, '0000001558', '0003914785', 0),
  (1559, '0000001559', '0004615049', 0),
  (1560, '0000001560', '0003933547', 0),
  (1561, '0000001561', '0003958637', 0),
  (1562, '0000001562', '0003965413', 0),
  (1563, '0000001563', '0003930234', 0),
  (1564, '0000001564', '0003947214', 0),
  (1565, '0000001565', '0003964353', 0),
  (1566, '0000001566', '0003986503', 0),
  (1567, '0000001567', '0003956325', 0),
  (1568, '0000001568', '0003988454', 0),
  (1569, '0000001569', '0004036192', 0),
  (1570, '0000001570', '0004612992', 0),
  (1571, '0000001571', '0004632274', 0),
  (1572, '0000001572', '0003916531', 0),
  (1573, '0000001573', '0003916231', 0),
  (1574, '0000001574', '0003923288', 0),
  (1575, '0000001575', '0003912675', 0),
  (1576, '0000001576', '0003960996', 0),
  (1577, '0000001577', '0003987525', 0),
  (1578, '0000001578', '0003981693', 0),
  (1579, '0000001579', '0004070533', 0),
  (1580, '0000001580', '0003937336', 0),
  (1581, '0000001581', '0003908280', 0),
  (1582, '0000001582', '0003941228', 0),
  (1583, '0000001583', '0003923426', 0),
  (1584, '0000001584', '0003910224', 0),
  (1585, '0000001585', '0004057724', 0),
  (1586, '0000001586', '0003908093', 0),
  (1587, '0000001587', '0003974197', 0),
  (1588, '0000001588', '0003933398', 0),
  (1589, '0000001589', '0003974351', 0),
  (1590, '0000001590', '0003982183', 0),
  (1591, '0000001591', '0004640930', 0),
  (1592, '0000001592', '0003921481', 0),
  (1593, '0000001593', '0003992720', 0),
  (1594, '0000001594', '0004061712', 0),
  (1595, '0000001595', '0003951826', 0),
  (1596, '0000001596', '0003976588', 0),
  (1597, '0000001597', '0003971747', 0),
  (1598, '0000001598', '0003910514', 0),
  (1599, '0000001599', '0003981334', 0),
  (1600, '0000001600', '0003908535', 0),
  (1601, '0000001601', '0003934427', 0),
  (1602, '0000001602', '0003964528', 0),
  (1603, '0000001603', '0003919807', 0),
  (1604, '0000001604', '0003976092', 0),
  (1605, '0000001605', '0003930852', 0),
  (1606, '0000001606', '0004542238', 0),
  (1607, '0000001607', '0003975181', 0),
  (1608, '0000001608', '0003945256', 0),
  (1609, '0000001609', '0003935887', 0),
  (1610, '0000001610', '0003928353', 0),
  (1611, '0000001611', '0003938434', 0),
  (1612, '0000001612', '0004066098', 0),
  (1613, '0000001613', '0004032455', 0),
  (1614, '0000001614', '0004613177', 0),
  (1615, '0000001615', '0004617223', 0),
  (1616, '0000001616', '0004004357', 0),
  (1617, '0000001617', '0004014540', 0),
  (1618, '0000001618', '0004631776', 0),
  (1619, '0000001619', '0004033836', 0),
  (1620, '0000001620', '0004032961', 0),
  (1621, '0000001621', '0004008850', 0),
  (1622, '0000001622', '0004014045', 0),
  (1623, '0000001623', '0004641281', 0),
  (1624, '0000001624', '0004626152', 0),
  (1625, '0000001625', '0004668619', 0),
  (1626, '0000001626', '0004616596', 0),
  (1627, '0000001627', '0004605546', 0),
  (1628, '0000001628', '0004673631', 0),
  (1629, '0000001629', '0004641124', 0),
  (1630, '0000001630', '0003920019', 0),
  (1631, '0000001631', '0003970545', 0),
  (1632, '0000001632', '0003943929', 0),
  (1633, '0000001633', '0003974403', 0),
  (1634, '0000001634', '0003931950', 0),
  (1635, '0000001635', '0003987940', 0),
  (1636, '0000001636', '0004027014', 0),
  (1637, '0000001637', '0003939224', 0),
  (1638, '0000001638', '0003912392', 0),
  (1639, '0000001639', '0003929817', 0),
  (1640, '0000001640', '0003977926', 0),
  (1641, '0000001641', '0003972697', 0),
  (1642, '0000001642', '0004744914', 0),
  (1643, '0000001643', '0004767615', 0),
  (1644, '0000001644', '0004702580', 0),
  (1645, '0000001645', '0004713707', 0),
  (1646, '0000001646', '0004734897', 0),
  (1647, '0000001647', '0004007964', 0),
  (1648, '0000001648', '0004019784', 0),
  (1649, '0000001649', '0004740370', 0),
  (1650, '0000001650', '0004705116', 0),
  (1651, '0000001651', '0004743636', 0),
  (1652, '0000001652', '0004745739', 0),
  (1653, '0000001653', '0004721818', 0),
  (1654, '0000001654', '0004763206', 0),
  (1655, '0000001655', '0004693951', 0),
  (1656, '0000001656', '0004746334', 0),
  (1657, '0000001657', '0004734547', 0),
  (1658, '0000001658', '0004713142', 0),
  (1659, '0000001659', '0004746411', 0),
  (1660, '0000001660', '0004742292', 0),
  (1661, '0000001661', '0004770288', 0),
  (1662, '0000001662', '0004704410', 0),
  (1663, '0000001663', '0004692196', 0),
  (1664, '0000001664', '0004742714', 0),
  (1665, '0000001665', '0004702696', 0),
  (1666, '0000001666', '0004709370', 0),
  (1667, '0000001667', '0004721473', 0),
  (1668, '0000001668', '0004699461', 0),
  (1669, '0000001669', '0003975781', 0),
  (1670, '0000001670', '0004028801', 0),
  (1671, '0000001671', '0004635283', 0),
  (1672, '0000001672', '0004068767', 0),
  (1673, '0000001673', '0004024753', 0),
  (1674, '0000001674', '0003911885', 0),
  (1675, '0000001675', '0003984575', 0),
  (1676, '0000001676', '0004028447', 0),
  (1677, '0000001677', '0003999128', 0),
  (1678, '0000001678', '0004041125', 0),
  (1679, '0000001679', '0003964844', 0),
  (1680, '0000001680', '0004589189', 0),
  (1681, '0000001681', '0003987980', 0),
  (1682, '0000001682', '0004046923', 0),
  (1683, '0000001683', '0003974515', 0),
  (1684, '0000001684', '0004025566', 0),
  (1685, '0000001685', '0003973603', 0),
  (1686, '0000001686', '0003926752', 0),
  (1687, '0000001687', '0003947652', 0),
  (1688, '0000001688', '0004009962', 0),
  (1689, '0000001689', '0003987012', 0),
  (1690, '0000001690', '0003908545', 0),
  (1691, '0000001691', '0003979582', 0),
  (1692, '0000001692', '0004023549', 0),
  (1693, '0000001693', '0004065477', 0),
  (1694, '0000001694', '0004663429', 0),
  (1695, '0000001695', '0004016513', 0),
  (1696, '0000001696', '0003936736', 0),
  (1697, '0000001697', '0003957391', 0),
  (1698, '0000001698', '0003974691', 0),
  (1699, '0000001699', '0003957045', 0),
  (1700, '0000001700', '0003943948', 0),
  (1701, '0000001701', '0003908347', 0),
  (1702, '0000001702', '0003923810', 0),
  (1703, '0000001703', '0003942273', 0),
  (1704, '0000001704', '0003919939', 0),
  (1705, '0000001705', '0003921394', 0),
  (1706, '0000001706', '0004572512', 0),
  (1707, '0000001707', '0004575863', 0),
  (1708, '0000001708', '0004598707', 0),
  (1709, '0000001709', '0004654117', 0),
  (1710, '0000001710', '0004569178', 0),
  (1711, '0000001711', '0004565338', 0),
  (1712, '0000001712', '0004585597', 0),
  (1713, '0000001713', '0004542892', 0),
  (1714, '0000001714', '0004544510', 0),
  (1715, '0000001715', '0004543207', 0),
  (1716, '0000001716', '0004589231', 0),
  (1717, '0000001717', '0004632290', 0),
  (1718, '0000001718', '0004616982', 0),
  (1719, '0000001719', '0004667781', 0),
  (1720, '0000001720', '0004615516', 0),
  (1721, '0000001721', '0004610652', 0),
  (1722, '0000001722', '0003978645', 0),
  (1723, '0000001723', '0004043849', 0),
  (1724, '0000001724', '0004062718', 0),
  (1725, '0000001725', '0003991283', 0),
  (1726, '0000001726', '0003993445', 0),
  (1727, '0000001727', '0003999195', 0),
  (1728, '0000001728', '0004060504', 0),
  (1729, '0000001729', '0004046013', 0),
  (1730, '0000001730', '0004057623', 0),
  (1731, '0000001731', '0004069760', 0),
  (1732, '0000001732', '0003996962', 0),
  (1733, '0000001733', '0003909832', 0),
  (1734, '0000001734', '0004687276', 0),
  (1735, '0000001735', '0003936400', 0),
  (1736, '0000001736', '0003961909', 0),
  (1737, '0000001737', '0003967848', 0),
  (1738, '0000001738', '0003911714', 0),
  (1739, '0000001739', '0003930074', 0),
  (1740, '0000001740', '0003967703', 0),
  (1741, '0000001741', '0004017209', 0),
  (1742, '0000001742', '0003950948', 0),
  (1743, '0000001743', '0003987375', 0),
  (1744, '0000001744', '0004015079', 0),
  (1745, '0000001745', '0004611401', 0),
  (1746, '0000001746', '0003930056', 0),
  (1747, '0000001747', '0003913963', 0),
  (1748, '0000001748', '0004630481', 0),
  (1749, '0000001749', '0003925470', 0),
  (1750, '0000001750', '0003927676', 0),
  (1751, '0000001751', '0003921718', 0),
  (1752, '0000001752', '0003911741', 0),
  (1753, '0000001753', '0003943300', 0),
  (1754, '0000001754', '0003933112', 0),
  (1755, '0000001755', '0003980335', 0),
  (1756, '0000001756', '0003922854', 0),
  (1757, '0000001757', '0003938783', 0),
  (1758, '0000001758', '0003985408', 0),
  (1759, '0000001759', '0003911652', 0),
  (1760, '0000001760', '0004055861', 0),
  (1761, '0000001761', '0003907256', 0),
  (1762, '0000001762', '0003908685', 0),
  (1763, '0000001763', '0003944344', 0),
  (1764, '0000001764', '0003972635', 0),
  (1765, '0000001765', '0003974556', 0),
  (1766, '0000001766', '0004638366', 0),
  (1767, '0000001767', '0003980088', 0),
  (1768, '0000001768', '0004628383', 0),
  (1769, '0000001769', '0004058833', 0),
  (1770, '0000001770', '0003976186', 0),
  (1771, '0000001771', '0003927722', 0),
  (1772, '0000001772', '0003968730', 0),
  (1773, '0000001773', '0003978117', 0),
  (1774, '0000001774', '0003983382', 0),
  (1775, '0000001775', '0003909929', 0),
  (1776, '0000001776', '0003961072', 0),
  (1777, '0000001777', '0003985762', 0),
  (1778, '0000001778', '0003917727', 0),
  (1779, '0000001779', '0003912875', 0),
  (1780, '0000001780', '0003974858', 0),
  (1781, '0000001781', '0003988703', 0),
  (1782, '0000001782', '0003977911', 0),
  (1783, '0000001783', '0003949185', 0),
  (1784, '0000001784', '0003932680', 0),
  (1785, '0000001785', '0003921048', 0),
  (1786, '0000001786', '0003937316', 0),
  (1787, '0000001787', '0004064292', 0),
  (1788, '0000001788', '0004034700', 0),
  (1789, '0000001789', '0004067064', 0),
  (1790, '0000001790', '0004060517', 0),
  (1791, '0000001791', '0004006878', 0),
  (1792, '0000001792', '0004616029', 0),
  (1793, '0000001793', '0004012962', 0),
  (1794, '0000001794', '0004031209', 0),
  (1795, '0000001795', '0004002812', 0),
  (1796, '0000001796', '0004582899', 0),
  (1797, '0000001797', '0004016189', 0),
  (1798, '0000001798', '0004613998', 0),
  (1799, '0000001799', '0003990256', 0),
  (1800, '0000001800', '0004064155', 0),
  (1801, '0000001801', '0004022124', 0),
  (1802, '0000001802', '0004066722', 0),
  (1803, '0000001803', '0003935759', 0),
  (1804, '0000001804', '0003955958', 0),
  (1805, '0000001805', '0003977148', 0),
  (1806, '0000001806', '0003977707', 0),
  (1807, '0000001807', '0003941055', 0),
  (1808, '0000001808', '0003909701', 0),
  (1809, '0000001809', '0003924738', 0),
  (1810, '0000001810', '0003939808', 0),
  (1811, '0000001811', '0003984440', 0),
  (1812, '0000001812', '0003922961', 0),
  (1813, '0000001813', '0004546554', 0),
  (1814, '0000001814', '0004539579', 0),
  (1815, '0000001815', '0004570480', 0),
  (1816, '0000001816', '0004619203', 0),
  (1817, '0000001817', '0004593377', 0),
  (1818, '0000001818', '0004581921', 0),
  (1819, '0000001819', '0004623029', 0),
  (1820, '0000001820', '0004627171', 0),
  (1821, '0000001821', '0004624484', 0),
  (1822, '0000001822', '0004589023', 0),
  (1823, '0000001823', '0004582558', 0),
  (1824, '0000001824', '0004630497', 0),
  (1825, '0000001825', '0004630734', 0),
  (1826, '0000001826', '0004609200', 0),
  (1827, '0000001827', '0004614073', 0),
  (1828, '0000001828', '0004609682', 0),
  (1829, '0000001829', '0004628458', 0),
  (1830, '0000001830', '0004612404', 0),
  (1831, '0000001831', '0004660671', 0),
  (1832, '0000001832', '0004633416', 0),
  (1833, '0000001833', '0004672416', 0),
  (1834, '0000001834', '0004651946', 0),
  (1835, '0000001835', '0003922184', 0),
  (1836, '0000001836', '0003972972', 0),
  (1837, '0000001837', '0003978265', 0),
  (1838, '0000001838', '0003972203', 0),
  (1839, '0000001839', '0003935496', 0),
  (1840, '0000001840', '0003986424', 0),
  (1841, '0000001841', '0003923477', 0),
  (1842, '0000001842', '0003910906', 0),
  (1843, '0000001843', '0003913359', 0),
  (1844, '0000001844', '0003927422', 0),
  (1845, '0000001845', '0003976737', 0),
  (1846, '0000001846', '0003962368', 0),
  (1847, '0000001847', '0004696852', 0),
  (1848, '0000001848', '0004766165', 0),
  (1849, '0000001849', '0004700077', 0),
  (1850, '0000001850', '0004715056', 0),
  (1851, '0000001851', '0003992920', 0),
  (1852, '0000001852', '0004068336', 0),
  (1853, '0000001853', '0004735429', 0),
  (1854, '0000001854', '0004707123', 0),
  (1855, '0000001855', '0004754268', 0),
  (1856, '0000001856', '0004748418', 0),
  (1857, '0000001857', '0004695628', 0),
  (1858, '0000001858', '0004702267', 0),
  (1859, '0000001859', '0004689940', 0),
  (1860, '0000001860', '0004015711', 0),
  (1861, '0000001861', '0004763698', 0),
  (1862, '0000001862', '0004698409', 0),
  (1863, '0000001863', '0004738579', 0),
  (1864, '0000001864', '0004703468', 0),
  (1865, '0000001865', '0004764370', 0),
  (1866, '0000001866', '0004706366', 0),
  (1867, '0000001867', '0004704588', 0),
  (1868, '0000001868', '0004767829', 0),
  (1869, '0000001869', '0004728822', 0),
  (1870, '0000001870', '0004705963', 0),
  (1871, '0000001871', '0004723676', 0),
  (1872, '0000001872', '0004697104', 0),
  (1873, '0000001873', '0003943864', 0),
  (1874, '0000001874', '0004032025', 0),
  (1875, '0000001875', '0004637474', 0),
  (1876, '0000001876', '0004070451', 0),
  (1877, '0000001877', '0004021101', 0),
  (1878, '0000001878', '0003954463', 0),
  (1879, '0000001879', '0003982894', 0),
  (1880, '0000001880', '0004025455', 0),
  (1881, '0000001881', '0004001467', 0),
  (1882, '0000001882', '0004003284', 0),
  (1883, '0000001883', '0003961776', 0),
  (1884, '0000001884', '0004586624', 0),
  (1885, '0000001885', '0003986641', 0),
  (1886, '0000001886', '0004002023', 0),
  (1887, '0000001887', '0003975131', 0),
  (1888, '0000001888', '0004023365', 0),
  (1889, '0000001889', '0003971333', 0),
  (1890, '0000001890', '0003925105', 0),
  (1891, '0000001891', '0003943983', 0),
  (1892, '0000001892', '0004012726', 0),
  (1893, '0000001893', '0003988153', 0),
  (1894, '0000001894', '0003963786', 0),
  (1895, '0000001895', '0003953100', 0),
  (1896, '0000001896', '0003931082', 0),
  (1897, '0000001897', '0003983619', 0),
  (1898, '0000001898', '0003930095', 0),
  (1899, '0000001899', '0004003234', 0),
  (1900, '0000001900', '0003909375', 0),
  (1901, '0000001901', '0003975519', 0),
  (1902, '0000001902', '0003934388', 0),
  (1903, '0000001903', '0003961091', 0),
  (1904, '0000001904', '0003987100', 0),
  (1905, '0000001905', '0003974581', 0),
  (1906, '0000001906', '0003965795', 0),
  (1907, '0000001907', '0003981696', 0),
  (1908, '0000001908', '0003927885', 0),
  (1909, '0000001909', '0003916024', 0),
  (1910, '0000001910', '0004017779', 0),
  (1911, '0000001911', '0003934608', 0),
  (1912, '0000001912', '0004682259', 0),
  (1913, '0000001913', '0003955978', 0),
  (1914, '0000001914', '0003952027', 0),
  (1915, '0000001915', '0003915527', 0),
  (1916, '0000001916', '0003966023', 0),
  (1917, '0000001917', '0004011298', 0),
  (1918, '0000001918', '0003995506', 0),
  (1919, '0000001919', '0003993379', 0),
  (1920, '0000001920', '0003993596', 0),
  (1921, '0000001921', '0004029948', 0),
  (1922, '0000001922', '0004032053', 0),
  (1923, '0000001923', '0004583829', 0),
  (1924, '0000001924', '0004638197', 0),
  (1925, '0000001925', '0004065941', 0),
  (1926, '0000001926', '0003982142', 0),
  (1927, '0000001927', '0004040971', 0),
  (1928, '0000001928', '0004040189', 0),
  (1929, '0000001929', '0003954635', 0),
  (1930, '0000001930', '0003999519', 0),
  (1931, '0000001931', '0004018355', 0),
  (1932, '0000001932', '0003932561', 0),
  (1933, '0000001933', '0004050799', 0),
  (1934, '0000001934', '0003924563', 0),
  (1935, '0000001935', '0004058442', 0),
  (1936, '0000001936', '0004013616', 0),
  (1937, '0000001937', '0004025864', 0),
  (1938, '0000001938', '0004002589', 0),
  (1939, '0000001939', '0004068388', 0),
  (1940, '0000001940', '0003915618', 0),
  (1941, '0000001941', '0004004765', 0),
  (1942, '0000001942', '0004068833', 0),
  (1943, '0000001943', '0004655993', 0),
  (1944, '0000001944', '0004604909', 0),
  (1945, '0000001945', '0003998967', 0),
  (1946, '0000001946', '0004000896', 0),
  (1947, '0000001947', '0003994611', 0),
  (1948, '0000001948', '0004051529', 0),
  (1949, '0000001949', '0004018317', 0),
  (1950, '0000001950', '0003921426', 0),
  (1951, '0000001951', '0003953130', 0),
  (1952, '0000001952', '0003929070', 0),
  (1953, '0000001953', '0003931160', 0),
  (1954, '0000001954', '0003909917', 0),
  (1955, '0000001955', '0004661965', 0),
  (1956, '0000001956', '0004002004', 0),
  (1957, '0000001957', '0003975079', 0),
  (1958, '0000001958', '0003971279', 0),
  (1959, '0000001959', '0004662334', 0),
  (1960, '0000001960', '0004643641', 0),
  (1961, '0000001961', '0003960559', 0),
  (1962, '0000001962', '0004030565', 0),
  (1963, '0000001963', '0004575026', 0),
  (1964, '0000001964', '0004050564', 0),
  (1965, '0000001965', '0004044785', 0),
  (1966, '0000001966', '0004044685', 0),
  (1967, '0000001967', '0004071341', 0),
  (1968, '0000001968', '0003946774', 0),
  (1969, '0000001969', '0003996094', 0),
  (1970, '0000001970', '0004593216', 0),
  (1971, '0000001971', '0004568629', 0),
  (1972, '0000001972', '0004591389', 0),
  (1973, '0000001973', '0004587515', 0),
  (1974, '0000001974', '0004593638', 0),
  (1975, '0000001975', '0004554516', 0),
  (1976, '0000001976', '0003920485', 0),
  (1977, '0000001977', '0003917220', 0),
  (1978, '0000001978', '0004023822', 0),
  (1979, '0000001979', '0004050048', 0),
  (1980, '0000001980', '0003996868', 0),
  (1981, '0000001981', '0004027085', 0),
  (1982, '0000001982', '0003928715', 0),
  (1983, '0000001983', '0003953216', 0),
  (1984, '0000001984', '0003961181', 0),
  (1985, '0000001985', '0003934948', 0),
  (1986, '0000001986', '0004639085', 0),
  (1987, '0000001987', '0003982996', 0),
  (1988, '0000001988', '0003926014', 0),
  (1989, '0000001989', '0003969540', 0),
  (1990, '0000001990', '0004716389', 0),
  (1991, '0000001991', '0004693944', 0),
  (1992, '0000001992', '0004693430', 0),
  (1993, '0000001993', '0003946729', 0),
  (1994, '0000001994', '0004740358', 0),
  (1995, '0000001995', '0003940626', 0),
  (1996, '0000001996', '0003973222', 0),
  (1997, '0000001997', '0003977102', 0),
  (1998, '0000001998', '0003977492', 0),
  (1999, '0000001999', '0003935200', 0),
  (2000, '0000002000', '0003956543', 0);



INSERT INTO `t_member` (`id`, `m_card`, `m_nickname`, `m_username`, `m_password`, `m_idcard`, `m_phone`, `m_phonenum`, `m_address`, `m_email`, `m_num`, `m_fenqi`, `m_day`, `m_status`, `create_at`, `l_id`) VALUES
  (1, '0000001202', '陈华琼', '13088252669', '111111', '510702195412265042', '13088252669', NULL, NULL, NULL, 150, NULL, NULL, 1, '2017-08-28 09:59:24', 1),
  (2, '0000001201', '寇全华', '13219935326', '111111', '510702195707274149', '13219935326', NULL, NULL, NULL, 150, NULL, NULL, 1, '2017-08-28 10:01:00', 1),
  (3, '0000001203', '顾洪兴', '18781697830', '111111', '510702194406287419', '18781697830', NULL, NULL, NULL, 150, NULL, NULL, 1, '2017-08-28 10:02:11', 1),
  (4, '0000001204', '邓大清', '18780345797', '111111', '510702194309037426', '18780345797', NULL, NULL, NULL, 150, NULL, NULL, 1, '2017-08-28 10:03:25', 1),
  (5, '0000001205', '陈德珍', '17713650293', '111111', '510702194408100048', '17713650293', NULL, NULL, NULL, 220, NULL, NULL, 1, '2017-08-28 10:05:02', 1),
  (6, '0000001206', '陈秀芳', '18113417917', '111111', '51072319391112452X', '18113417917', NULL, NULL, NULL, 150, NULL, NULL, 1, '2017-08-28 10:06:13', 1),
  (7, '0000001207', '陈本玉', '17340489413', '111111', '510704194505121345', '17340489413', NULL, NULL, NULL, 150, NULL, NULL, 1, '2017-08-28 10:07:30', 1),
  (8, '0000001208', '杨永康', '18990107781', '111111', '510823195206084715', '18990107781', NULL, NULL, NULL, 150, NULL, NULL, 1, '2017-08-28 10:08:44', 1),
  (9, '0000001209', '梁桂芳', '18148010181', '111111', '510823195805174720', '18148010181', NULL, NULL, NULL, 150, NULL, NULL, 1, '2017-08-28 10:10:14', 1),
  (10, '0000001399', '林全芳', '18989284829', '111111', '510702195212110927', '18989284829', NULL, NULL, NULL, 80, NULL, NULL, 1, '2017-08-28 10:14:23', 1),
  (11, '0000001212', '龚远席', '17396912006', '111111', '51072319381219651x', '17396912006', NULL, NULL, NULL, 220, NULL, NULL, 1, '2017-08-28 10:30:16', 1),
  (12, '0000001211', '白鸿兵', '18140341701', '111111', '510725194709135724', '18140341701', NULL, NULL, NULL, 150, NULL, NULL, 1, '2017-08-28 10:37:13', 1),
  (13, '0000001210', '吴天迎', '15881662513', '111111', '510725194612276117', '15881662513', NULL, NULL, NULL, 150, NULL, NULL, 1, '2017-08-28 10:40:14', 1),
  (14, '0000001216', '蒲秀莲', '15681985979', '111111', '510823194905010028', '15681985979', NULL, NULL, NULL, 220, NULL, NULL, 1, '2017-08-28 10:44:17', 1),
  (15, '0000001217', '胥淑芬', '15882792693', '111111', '510723194705291807', '15882792693', NULL, NULL, NULL, 220, NULL, NULL, 1, '2017-08-28 10:49:16', 1),
  (16, '0000001215', '冯超祝', '18981171167', '111111', '', '18981171167', NULL, NULL, NULL, 220, NULL, NULL, 1, '2017-08-28 10:53:30', 1),
  (17, '0000001400', '文青华', '13981144327', '111111', '51070219470106682x', '13981144327', NULL, NULL, NULL, 220, NULL, NULL, 1, '2017-08-28 13:49:50', 1),
  (18, '0000001397', '蔡清珍', '18281586848', '111111', '', '18281586848', NULL, NULL, NULL, 150, NULL, NULL, 1, '2017-08-28 15:23:22', 1),
  (19, '0000001398', '邓大方', '15182393539', '111111', '510722195312067968', '15182393539', NULL, NULL, NULL, 220, NULL, NULL, 1, '2017-08-28 15:34:52', 1),
  (20, '0000001396', '樊兴秀', '15308338401', '111111', '510702194901014127', '15308338401', NULL, NULL, NULL, 220, NULL, NULL, 1, '2017-08-28 15:43:09', 1),
  (21, '0000001395', '黄桂英', '18990170671', '111111', '510721195506066000', '18990170671', NULL, NULL, NULL, 220, NULL, NULL, 1, '2017-08-28 16:06:39', 1),
  (22, '0000001394', '李素华', '15982952749', '111111', '510722195307078822', '15982952749', NULL, NULL, NULL, 220, NULL, NULL, 1, '2017-08-28 16:21:30', 1),
  (23, '0000001392', '宋玉兰', '13096001780', '111111', '510722194402264426', '13096001780', NULL, NULL, NULL, 150, NULL, NULL, 1, '2017-08-28 17:10:52', 1),
  (24, '0000001393', '杜万金', '15390487775', '111111', '510722194112224418', '15390487775', NULL, NULL, NULL, 150, NULL, NULL, 1, '2017-08-28 17:25:03', 1),
  (25, '0000001391', '岳攀雪', '15280953721', '111111', '510725195201070055', '15280953721', NULL, NULL, NULL, 220, NULL, NULL, 1, '2017-08-29 10:00:48', 1),
  (26, '0000001390', '蒋桂琼', '13350979214', '111111', '510702196209070922', '13350979214', NULL, NULL, NULL, 220, NULL, NULL, 1, '2017-08-29 10:02:15', 1),
  (27, '0000001389', '黄加林', '15882836725', '111111', '510702194203139010', '15882836725', NULL, NULL, NULL, 220, NULL, NULL, 1, '2017-08-29 10:04:23', 1),
  (28, '0000001388', '张秀龙', '15196278702', '111111', '510702195411029021', '15196278702', NULL, NULL, NULL, 220, NULL, NULL, 1, '2017-08-29 10:05:16', 1),
  (29, '0000001387', '鲁尧祥', '13699613847', '111111', '510727193111130011', '13699613847', NULL, NULL, NULL, 220, NULL, NULL, 1, '2017-08-29 10:06:06', 1),
  (30, '0000001386', '季志伟', '2482947', '111111', '5107021933809049349', '2482947', NULL, NULL, NULL, 220, NULL, NULL, 1, '2017-08-29 10:07:43', 1),
  (31, '0000001385', '张本局', '18784065600', '111111', '510702196302267826', '18784065600', NULL, NULL, NULL, 220, NULL, NULL, 1, '2017-08-29 10:09:15', 1),
  (32, '0000001384', '张本会', '18781188099', '111111', '510702196508197827', '18781188099', NULL, NULL, NULL, 220, NULL, NULL, 1, '2017-08-29 10:10:06', 1),
  (33, '0000001383', '徐明瑞', '15892662928', '111111', '510702194008099332', '15892662928', NULL, NULL, NULL, 220, NULL, NULL, 1, '2017-08-29 10:11:43', 1),
  (34, '0000001382', '汪海章', '15181687619', '111111', '510802194606121013', '15181687619', NULL, NULL, NULL, 220, NULL, NULL, 1, '2017-08-29 10:13:39', 1),
  (35, '0000001381', '李素华', '18009087265', '111111', '51082319540210252X', '18009087265', NULL, NULL, NULL, 220, NULL, NULL, 1, '2017-08-29 10:15:22', 1),
  (36, '0000001380', '陈朝格', '13108195179', '111111', '510702194712011322', '13108195179', NULL, NULL, NULL, 220, NULL, NULL, 1, '2017-08-29 10:22:09', 1),
  (37, '0000001379', '张桂珍', '18781697880', '111111', '51070219471104742X', '18781697880', NULL, NULL, NULL, 220, NULL, NULL, 1, '2017-08-29 10:27:56', 1),
  (38, '0000001378', '严刚金', '15228791902', '111111', '510702194405290018', '15228791902', NULL, NULL, NULL, 220, NULL, NULL, 1, '2017-08-29 10:30:10', 1),
  (39, '0000000002', '测试', 'ceshi', '111111', '', '', NULL, NULL, NULL, 11765, NULL, NULL, 1, '2017-08-29 10:30:33', 1),
  (40, '0000001377', '张华英', '18784004632', '111111', '510702194907257728', '18784004632', NULL, NULL, NULL, 220, NULL, NULL, 1, '2017-08-29 10:32:00', 1),
  (41, '0000001376', '胡仕金', '18030976169', '111111', '51070219440218413x', '18030976169', NULL, NULL, NULL, 220, NULL, NULL, 1, '2017-08-29 10:46:30', 1),
  (42, '0000001375', '陈友秀', '13458073593', '111111', '510702195203154127', '13458073593', NULL, NULL, NULL, 220, NULL, NULL, 1, '2017-08-29 10:51:10', 1),
  (43, '0000001374', '刘立', '2482947', '111111', '510702193604069354', '13350027863', NULL, NULL, NULL, 220, NULL, NULL, 1, '2017-08-29 10:55:48', 1),
  (44, '0000001214', '任宗秀', '13320897626', '111111', '510702194806167926', '13320897626', NULL, NULL, NULL, 220, NULL, NULL, 1, '2017-08-29 11:27:10', 1),
  (45, '0000001373', '顾永平', '13281506292', '111111', '510702194208029339', '13281506292', NULL, NULL, NULL, 220, NULL, NULL, 1, '2017-08-29 12:28:16', 1),
  (46, '0000001372', '段慧芳', '13330907739', '111111', '612323194809152127', '13330907739', NULL, NULL, NULL, 220, NULL, NULL, 1, '2017-08-29 12:29:55', 1),
  (47, '0000001371', '张凤营', '13208267559', '111111', '510702194611200917', '13208267559', NULL, NULL, NULL, 220, NULL, NULL, 1, '2017-08-29 13:29:17', 1),
  (48, '0000001370', '曾素琼', '13408698952', '111111', '510726194906013028', '13408698952', NULL, NULL, NULL, 220, NULL, NULL, 1, '2017-08-29 13:38:16', 1),
  (49, '0000001369', '陈永贵', '18328386585', '111111', '510726794910023018', '18328386585', NULL, NULL, NULL, 220, NULL, NULL, 1, '2017-08-29 13:42:25', 1),
  (50, '0000001368', '冯大玉', '13568436006', '111111', '510702194601149345', '13568436006', NULL, NULL, NULL, 220, NULL, NULL, 1, '2017-08-29 14:43:07', 1),
  (51, '0000001367', '张菊华', '18380556726', '111111', '511026194608106624', '18380556726', NULL, NULL, NULL, 220, NULL, NULL, 1, '2017-08-29 14:46:41', 1),
  (52, '0000001366', '杜桂华', '15328222590', '111111', '510702195006140922', '15328222590', NULL, NULL, NULL, 220, NULL, NULL, 1, '2017-08-29 14:53:23', 1),
  (53, '0000001365', '董永清', '15284016116', '111111', '510822195411160020', '15284046116', NULL, NULL, NULL, 220, NULL, NULL, 1, '2017-08-29 15:01:11', 1),
  (54, '0000001364', '马洪武', '13408162118', '111111', '51082219531120003x', '13408162118', NULL, NULL, NULL, 220, NULL, NULL, 1, '2017-08-29 15:04:58', 1),
  (55, '0000001363', '何成菊', '18281961467', '111111', '5108211844009186326', '18281961467', NULL, NULL, NULL, 220, NULL, NULL, 1, '2017-08-29 15:08:48', 1),
  (56, '0000001362', '靳兰锁', '13402334325', '111111', '510702194409079359', '13402334325', NULL, NULL, NULL, 220, NULL, NULL, 1, '2017-08-29 15:17:43', 1),
  (57, '0000001361', '范金兰', '15309013756', '111111', '511321194101018582', '15309013756', NULL, NULL, NULL, 220, NULL, NULL, 1, '2017-08-29 15:32:35', 1),
  (58, '0000001360', '杜玉文', '15309012639', '111111', '512922194309169419', '15309012639', NULL, NULL, NULL, 220, NULL, NULL, 1, '2017-08-29 15:38:24', 1),
  (59, '0000001359', '何文兴', '15082179073', '111111', '510723195103123712', '15082179073', NULL, NULL, NULL, 220, NULL, NULL, 1, '2017-08-29 15:56:51', 1),
  (60, '0000001358', '李继琼', '18780560289', '111111', '512922195012048805', '18780560289', NULL, NULL, NULL, 220, NULL, NULL, 1, '2017-08-29 15:59:27', 1);




INSERT INTO `t_member_limit` (`id`, `s_id`, `m_id`, `m_limit`, `create_at`) VALUES
  (1, 1, 1, 10000, '2017-08-28 09:59:24'),
  (2, 1, 2, 10000, '2017-08-28 10:01:00'),
  (3, 1, 3, 10000, '2017-08-28 10:02:11'),
  (4, 1, 4, 10000, '2017-08-28 10:03:25'),
  (5, 1, 5, 10000, '2017-08-28 10:05:02'),
  (6, 1, 6, 10000, '2017-08-28 10:06:13'),
  (7, 1, 7, 10000, '2017-08-28 10:07:30'),
  (8, 1, 8, 10000, '2017-08-28 10:08:44'),
  (9, 1, 9, 10000, '2017-08-28 10:10:14'),
  (10, 1, 10, 10000, '2017-08-28 10:14:23'),
  (11, 1, 11, 10000, '2017-08-28 10:30:16'),
  (12, 1, 12, 10000, '2017-08-28 10:37:13'),
  (13, 1, 13, 10000, '2017-08-28 10:40:14'),
  (14, 1, 14, 10000, '2017-08-28 10:44:17'),
  (15, 1, 15, 10000, '2017-08-28 10:49:17'),
  (16, 1, 16, 10000, '2017-08-28 10:53:30'),
  (17, 1, 17, 10000, '2017-08-28 13:49:50'),
  (18, 1, 18, 10000, '2017-08-28 15:23:22'),
  (19, 1, 19, 10000, '2017-08-28 15:34:52'),
  (20, 1, 20, 10000, '2017-08-28 15:43:09'),
  (21, 1, 21, 10000, '2017-08-28 16:06:39'),
  (22, 1, 22, 10000, '2017-08-28 16:21:30'),
  (23, 1, 23, 10000, '2017-08-28 17:10:52'),
  (24, 1, 24, 10000, '2017-08-28 17:25:03'),
  (25, 1, 25, 10000, '2017-08-29 10:00:48'),
  (26, 1, 26, 10000, '2017-08-29 10:02:15'),
  (27, 1, 27, 10000, '2017-08-29 10:04:23'),
  (28, 1, 28, 10000, '2017-08-29 10:05:16'),
  (29, 1, 29, 10000, '2017-08-29 10:06:06'),
  (30, 1, 30, 10000, '2017-08-29 10:07:43'),
  (31, 1, 31, 10000, '2017-08-29 10:09:15'),
  (32, 1, 32, 10000, '2017-08-29 10:10:06'),
  (33, 1, 33, 10000, '2017-08-29 10:11:43'),
  (34, 1, 34, 10000, '2017-08-29 10:13:39'),
  (35, 1, 35, 10000, '2017-08-29 10:15:22'),
  (36, 1, 36, 10000, '2017-08-29 10:22:09'),
  (37, 1, 37, 10000, '2017-08-29 10:27:56'),
  (38, 1, 38, 10000, '2017-08-29 10:30:10'),
  (39, 2, 39, 10000, '2017-08-29 10:30:33'),
  (40, 1, 40, 10000, '2017-08-29 10:32:00'),
  (41, 1, 41, 10000, '2017-08-29 10:46:30'),
  (42, 1, 42, 10000, '2017-08-29 10:51:10'),
  (43, 1, 43, 10000, '2017-08-29 10:55:48'),
  (44, 1, 44, 10000, '2017-08-29 11:27:10'),
  (45, 1, 45, 10000, '2017-08-29 12:28:16'),
  (46, 1, 46, 10000, '2017-08-29 12:29:55'),
  (47, 1, 47, 10000, '2017-08-29 13:29:17'),
  (48, 1, 48, 10000, '2017-08-29 13:38:16'),
  (49, 1, 49, 10000, '2017-08-29 13:42:25'),
  (50, 1, 50, 10000, '2017-08-29 14:43:07'),
  (51, 1, 51, 10000, '2017-08-29 14:46:41'),
  (52, 1, 52, 10000, '2017-08-29 14:53:23'),
  (53, 1, 53, 10000, '2017-08-29 15:01:11'),
  (54, 1, 54, 10000, '2017-08-29 15:04:58'),
  (55, 1, 55, 10000, '2017-08-29 15:08:48'),
  (56, 1, 56, 10000, '2017-08-29 15:17:43'),
  (57, 1, 57, 10000, '2017-08-29 15:32:35'),
  (58, 1, 58, 10000, '2017-08-29 15:38:24'),
  (59, 1, 59, 10000, '2017-08-29 15:56:51'),
  (60, 1, 60, 10000, '2017-08-29 15:59:27');



INSERT INTO `t_record` (`id`, `s_id`, `m_id`, `grade`, `gradetype`, `goods`, `s_sid`, `gradetime`) VALUES
  (1, 1, 1, 220, 'Y', NULL, 0, '2017-08-28 09:59:39'),
  (2, 1, 2, 220, 'Y', NULL, 0, '2017-08-28 10:01:13'),
  (3, 1, 3, 220, 'Y', NULL, 0, '2017-08-28 10:02:20'),
  (4, 1, 4, 220, 'Y', NULL, 0, '2017-08-28 10:03:36'),
  (5, 1, 5, 220, 'Y', NULL, 0, '2017-08-28 10:05:10'),
  (6, 1, 6, 220, 'Y', NULL, 0, '2017-08-28 10:06:27'),
  (7, 1, 7, 220, 'Y', NULL, 0, '2017-08-28 10:07:39'),
  (8, 1, 8, 220, 'Y', NULL, 0, '2017-08-28 10:08:52'),
  (9, 1, 9, 220, 'Y', NULL, 0, '2017-08-28 10:10:24'),
  (10, 1, 10, 220, 'Y', NULL, 0, '2017-08-28 10:14:32'),
  (11, 1, 11, 220, 'Y', NULL, 0, '2017-08-28 10:30:39'),
  (12, 1, 12, 220, 'Y', NULL, 0, '2017-08-28 10:37:28'),
  (13, 1, 13, 220, 'Y', NULL, 0, '2017-08-28 10:40:33'),
  (14, 1, 14, 220, 'Y', NULL, 0, '2017-08-28 10:44:53'),
  (15, 1, 15, 220, 'Y', NULL, 0, '2017-08-28 10:49:39'),
  (16, 1, 16, 220, 'Y', NULL, 0, '2017-08-28 10:54:59'),
  (17, 1, 17, 220, 'Y', NULL, 0, '2017-08-28 13:50:34'),
  (18, 1, 18, 220, 'Y', NULL, 0, '2017-08-28 15:24:03'),
  (19, 1, 19, 220, 'Y', NULL, 0, '2017-08-28 15:35:13'),
  (20, 1, 20, 220, 'Y', NULL, 0, '2017-08-28 15:43:26'),
  (21, 1, 21, 220, 'Y', NULL, 0, '2017-08-28 16:07:15'),
  (22, 1, 22, 220, 'Y', NULL, 0, '2017-08-28 16:21:49'),
  (23, 1, 23, 220, 'Y', NULL, 0, '2017-08-28 17:11:10'),
  (24, 1, 24, 220, 'Y', NULL, 0, '2017-08-28 17:25:23'),
  (25, 1, 24, 70, 'N', '葛根', 0, '2017-08-29 07:23:05'),
  (26, 1, 23, 70, 'N', '葛根', 0, '2017-08-29 07:23:36'),
  (27, 1, 8, 70, 'N', '葛根', 0, '2017-08-29 08:01:02'),
  (28, 1, 9, 70, 'N', '葛根', 0, '2017-08-29 08:01:40'),
  (29, 1, 7, 70, 'N', '葛根', 0, '2017-08-29 08:02:37'),
  (30, 1, 10, 70, 'N', '葛根', 0, '2017-08-29 09:25:47'),
  (31, 1, 10, 70, 'N', '葛根', 0, '2017-08-29 09:25:47'),
  (32, 1, 25, 220, 'Y', NULL, 0, '2017-08-29 10:00:56'),
  (33, 1, 26, 220, 'Y', NULL, 0, '2017-08-29 10:02:23'),
  (34, 1, 27, 220, 'Y', NULL, 0, '2017-08-29 10:04:31'),
  (35, 1, 28, 220, 'Y', NULL, 0, '2017-08-29 10:05:23'),
  (36, 1, 29, 220, 'Y', NULL, 0, '2017-08-29 10:06:14'),
  (37, 1, 30, 220, 'Y', NULL, 0, '2017-08-29 10:07:51'),
  (38, 1, 31, 220, 'Y', NULL, 0, '2017-08-29 10:09:24'),
  (39, 1, 32, 220, 'Y', NULL, 0, '2017-08-29 10:10:23'),
  (40, 1, 33, 220, 'Y', NULL, 0, '2017-08-29 10:11:51'),
  (41, 1, 34, 220, 'Y', NULL, 0, '2017-08-29 10:13:49'),
  (42, 1, 35, 220, 'Y', NULL, 0, '2017-08-29 10:15:33'),
  (43, 1, 36, 220, 'Y', NULL, 0, '2017-08-29 10:22:17'),
  (44, 1, 37, 220, 'Y', NULL, 0, '2017-08-29 10:28:05'),
  (45, 1, 38, 220, 'Y', NULL, 0, '2017-08-29 10:30:22'),
  (46, 1, 40, 220, 'Y', NULL, 0, '2017-08-29 10:32:11'),
  (47, 2, 39, 12, 'Y', NULL, 0, '2017-08-29 10:32:18'),
  (48, 2, 39, 12, 'N', '', 0, '2017-08-29 10:33:01'),
  (49, 2, 39, 10000, 'Y', NULL, 0, '2017-08-29 10:33:58'),
  (50, 2, 39, 12, 'N', '葛根', 0, '2017-08-29 10:34:23'),
  (51, 2, 39, 13, 'N', '葛根', 0, '2017-08-29 10:35:14'),
  (52, 2, 39, 13, 'N', '葛根', 0, '2017-08-29 10:35:14'),
  (53, 1, 6, 70, 'N', '葛根', 0, '2017-08-29 10:36:06'),
  (54, 1, 41, 220, 'Y', NULL, 0, '2017-08-29 10:47:01'),
  (55, 1, 42, 220, 'Y', '', 0, '2017-08-29 10:51:25'),
  (56, 2, 39, 123, 'Y', '', 0, '2017-08-29 10:55:10'),
  (57, 1, 43, 220, 'Y', '', 0, '2017-08-29 10:56:26'),
  (58, 2, 39, 234, 'Y', NULL, 0, '2017-08-29 11:06:01'),
  (59, 2, 39, 12, 'Y', '测试', 0, '2017-08-29 11:06:33'),
  (60, 2, 39, 2345, 'Y', '2343', 0, '2017-08-29 11:06:34'),
  (61, 2, 39, 50, 'N', '34', 0, '2017-08-29 11:16:00'),
  (62, 2, 39, 50, 'N', '34', 0, '2017-08-29 11:16:11'),
  (63, 2, 39, 50, 'Y', '34', 0, '2017-08-29 11:16:26'),
  (64, 2, 39, 100, 'N', '', 0, '2017-08-29 11:18:57'),
  (65, 2, 39, 100, 'N', '', 0, '2017-08-29 11:19:08'),
  (66, 2, 39, 100, 'N', '', 0, '2017-08-29 11:22:10'),
  (67, 2, 39, 100, 'Y', '', 0, '2017-08-29 11:23:37'),
  (68, 1, 44, 220, 'Y', '', 0, '2017-08-29 11:27:38'),
  (69, 2, 39, 100, 'N', '', 0, '2017-08-29 11:33:14'),
  (70, 2, 39, 400, 'Y', '', 0, '2017-08-29 11:33:38'),
  (71, 2, 39, 12, 'N', '', 0, '2017-08-29 11:49:44'),
  (72, 2, 39, 12, 'N', '', 0, '2017-08-29 11:49:44'),
  (73, 2, 39, 12, 'N', '', 0, '2017-08-29 11:49:44'),
  (74, 2, 39, 121, 'N', '', 0, '2017-08-29 11:51:00'),
  (75, 2, 39, 121, 'N', '', 0, '2017-08-29 11:51:00'),
  (76, 2, 39, 90, 'N', '', 0, '2017-08-29 11:56:15'),
  (77, 2, 39, 90, 'N', '', 0, '2017-08-29 11:56:15'),
  (78, 2, 39, 31, 'N', 'geg', 0, '2017-08-29 11:57:13'),
  (79, 2, 39, 31, 'N', 'geg', 0, '2017-08-29 11:57:15'),
  (80, 2, 39, 31, 'N', 'geg', 0, '2017-08-29 11:57:15'),
  (81, 2, 39, 31, 'N', 'geg', 0, '2017-08-29 11:57:15'),
  (82, 2, 39, 31, 'N', 'geg', 0, '2017-08-29 11:57:15'),
  (83, 2, 39, 31, 'N', 'geg', 0, '2017-08-29 11:57:15'),
  (84, 2, 39, 31, 'N', 'geg', 0, '2017-08-29 11:57:15'),
  (85, 2, 39, 31, 'N', 'geg', 0, '2017-08-29 11:57:16'),
  (86, 2, 39, 31, 'N', 'geg', 0, '2017-08-29 11:57:16'),
  (87, 2, 39, 31, 'N', 'geg', 0, '2017-08-29 11:57:16'),
  (88, 2, 39, 31, 'N', 'geg', 0, '2017-08-29 11:57:16'),
  (89, 2, 39, 31, 'N', 'geg', 0, '2017-08-29 11:57:16'),
  (90, 2, 39, 31, 'N', 'geg', 0, '2017-08-29 11:57:16'),
  (91, 2, 39, 31, 'N', 'geg', 0, '2017-08-29 11:57:16'),
  (92, 2, 39, 31, 'N', 'geg', 0, '2017-08-29 11:57:16'),
  (93, 2, 39, 31, 'N', 'geg', 0, '2017-08-29 11:57:16'),
  (94, 2, 39, 31, 'N', 'geg', 0, '2017-08-29 11:57:16'),
  (95, 1, 1, 70, 'N', '葛根', 0, '2017-08-29 12:12:10'),
  (96, 1, 45, 220, 'Y', '', 0, '2017-08-29 12:28:32'),
  (97, 1, 46, 220, 'Y', '', 0, '2017-08-29 12:30:12'),
  (98, 2, 39, 12, 'N', '', 0, '2017-08-29 13:02:30'),
  (99, 2, 39, 12, 'N', '', 0, '2017-08-29 13:03:02'),
  (100, 2, 39, 12, 'Y', '', 0, '2017-08-29 13:03:26'),
  (101, 2, 39, 12, 'Y', '', 0, '2017-08-29 13:03:36'),
  (102, 2, 39, 12, 'Y', '', 0, '2017-08-29 13:03:46'),
  (103, 2, 39, 12, 'Y', '', 0, '2017-08-29 13:03:58'),
  (104, 1, 4, 70, 'N', '葛根', 0, '2017-08-29 13:24:56'),
  (105, 1, 3, 70, 'N', '葛根', 0, '2017-08-29 13:25:23'),
  (106, 1, 47, 220, 'Y', '葛根', 0, '2017-08-29 13:29:55'),
  (107, 1, 48, 220, 'Y', '葛根', 0, '2017-08-29 13:38:44'),
  (108, 1, 49, 220, 'Y', '葛根', 0, '2017-08-29 13:42:46'),
  (109, 1, 18, 70, 'N', '葛根', 0, '2017-08-29 13:46:13'),
  (110, 1, 50, 220, 'Y', '葛根', 0, '2017-08-29 14:43:59'),
  (111, 1, 51, 220, 'Y', '葛根', 0, '2017-08-29 14:47:34'),
  (112, 1, 52, 220, 'Y', '葛根', 0, '2017-08-29 14:53:45'),
  (113, 1, 53, 220, 'Y', '葛根', 0, '2017-08-29 15:01:50'),
  (114, 1, 54, 220, 'Y', '葛根', 0, '2017-08-29 15:05:34'),
  (115, 1, 55, 220, 'Y', '葛根', 0, '2017-08-29 15:09:37'),
  (116, 1, 13, 70, 'N', '葛根', 0, '2017-08-29 15:13:16'),
  (117, 1, 12, 70, 'N', '葛根', 0, '2017-08-29 15:13:50'),
  (118, 1, 56, 220, 'Y', '葛根', 0, '2017-08-29 15:18:01'),
  (119, 1, 57, 220, 'Y', '葛根', 0, '2017-08-29 15:33:02'),
  (120, 1, 58, 220, 'Y', '葛根', 0, '2017-08-29 15:39:00'),
  (121, 1, 59, 220, 'Y', '葛根', 0, '2017-08-29 15:57:13'),
  (122, 1, 60, 220, 'Y', '葛根', 0, '2017-08-29 15:59:49'),
  (123, 1, 2, 70, 'N', '葛根', 0, '2017-08-29 16:30:02');



INSERT INTO `t_shop_member` (`id`, `s_id`, `m_id`, `num`, `create_at`) VALUES
  (1, 1, 1, 150, '2017-08-28 09:59:24'),
  (2, 1, 2, 150, '2017-08-28 10:01:00'),
  (3, 1, 3, 150, '2017-08-28 10:02:11'),
  (4, 1, 4, 150, '2017-08-28 10:03:25'),
  (5, 1, 5, 220, '2017-08-28 10:05:02'),
  (6, 1, 6, 150, '2017-08-28 10:06:13'),
  (7, 1, 7, 150, '2017-08-28 10:07:30'),
  (8, 1, 8, 150, '2017-08-28 10:08:44'),
  (9, 1, 9, 150, '2017-08-28 10:10:14'),
  (10, 1, 10, 80, '2017-08-28 10:14:23'),
  (11, 1, 11, 220, '2017-08-28 10:30:16'),
  (12, 1, 12, 150, '2017-08-28 10:37:13'),
  (13, 1, 13, 150, '2017-08-28 10:40:14'),
  (14, 1, 14, 220, '2017-08-28 10:44:17'),
  (15, 1, 15, 220, '2017-08-28 10:49:16'),
  (16, 1, 16, 220, '2017-08-28 10:53:30'),
  (17, 1, 17, 220, '2017-08-28 13:49:50'),
  (18, 1, 18, 150, '2017-08-28 15:23:22'),
  (19, 1, 19, 220, '2017-08-28 15:34:52'),
  (20, 1, 20, 220, '2017-08-28 15:43:09'),
  (21, 1, 21, 220, '2017-08-28 16:06:39'),
  (22, 1, 22, 220, '2017-08-28 16:21:30'),
  (23, 1, 23, 150, '2017-08-28 17:10:52'),
  (24, 1, 24, 150, '2017-08-28 17:25:03'),
  (25, 1, 25, 220, '2017-08-29 10:00:48'),
  (26, 1, 26, 220, '2017-08-29 10:02:15'),
  (27, 1, 27, 220, '2017-08-29 10:04:23'),
  (28, 1, 28, 220, '2017-08-29 10:05:16'),
  (29, 1, 29, 220, '2017-08-29 10:06:06'),
  (30, 1, 30, 220, '2017-08-29 10:07:43'),
  (31, 1, 31, 220, '2017-08-29 10:09:15'),
  (32, 1, 32, 220, '2017-08-29 10:10:06'),
  (33, 1, 33, 220, '2017-08-29 10:11:43'),
  (34, 1, 34, 220, '2017-08-29 10:13:39'),
  (35, 1, 35, 220, '2017-08-29 10:15:22'),
  (36, 1, 36, 220, '2017-08-29 10:22:09'),
  (37, 1, 37, 220, '2017-08-29 10:27:56'),
  (38, 1, 38, 220, '2017-08-29 10:30:10'),
  (39, 2, 39, 11765, '2017-08-29 10:30:33'),
  (40, 1, 40, 220, '2017-08-29 10:32:00'),
  (41, 1, 41, 220, '2017-08-29 10:46:30'),
  (42, 1, 42, 220, '2017-08-29 10:51:10'),
  (43, 1, 43, 220, '2017-08-29 10:55:48'),
  (44, 1, 44, 220, '2017-08-29 11:27:10'),
  (45, 1, 45, 220, '2017-08-29 12:28:16'),
  (46, 1, 46, 220, '2017-08-29 12:29:55'),
  (47, 1, 47, 220, '2017-08-29 13:29:17'),
  (48, 1, 48, 220, '2017-08-29 13:38:16'),
  (49, 1, 49, 220, '2017-08-29 13:42:25'),
  (50, 1, 50, 220, '2017-08-29 14:43:07'),
  (51, 1, 51, 220, '2017-08-29 14:46:41'),
  (52, 1, 52, 220, '2017-08-29 14:53:23'),
  (53, 1, 53, 220, '2017-08-29 15:01:11'),
  (54, 1, 54, 220, '2017-08-29 15:04:58'),
  (55, 1, 55, 220, '2017-08-29 15:08:48'),
  (56, 1, 56, 220, '2017-08-29 15:17:43'),
  (57, 1, 57, 220, '2017-08-29 15:32:35'),
  (58, 1, 58, 220, '2017-08-29 15:38:24'),
  (59, 1, 59, 220, '2017-08-29 15:56:51'),
  (60, 1, 60, 220, '2017-08-29 15:59:27');



INSERT INTO `t_shop` (`id`, `s_name`, `s_username`, `s_password`, `s_card`, `s_phone`, `s_address`, `s_email`, `s_num`, `s_sid`, `s_license`, `s_document`, `s_fidcard_f`, `s_fidcard_b`, `s_aidcard_f`, `s_aidcard_b`, `s_agreement`, `create_at`) VALUES
  ('1','德寿康','TK10001','111111',NULL,NULL,NULL,NULL,'7020','0',NULL,NULL,NULL,NULL,NULL,NULL,NULL,'2017-08-28 06:55:37'),
  ('2','测试账号','ceshi','12121212',NULL,NULL,NULL,NULL,'9987126','0',NULL,NULL,NULL,NULL,NULL,NULL,NULL,'2017-08-29 10:28:17');




INSERT INTO `t_admin_shop` (`id`, `a_id`, `s_id`, `num`, `num_time`) VALUES (NULL, '1', '1', '20000', '2017-08-28 06:56:43');
INSERT INTO `t_admin_shop` (`id`, `a_id`, `s_id`, `num`, `num_time`) VALUES (NULL, '1', '2', '10000000', '2017-08-29 10:31:47');